object_type,pane_id,field_id,label,api_system_name,field_classification,data_type,required_optional,read_only_writable,default_value_state,default_value,units,validation,option_source,key_value_store_association,formula,derived_behavior,conditional_visibility,layout_section,layout_group,display_order,display_state,active_inactive_state,global_division_definition,program_restriction,assay_restriction,matrix_restriction,external_system_mapping,report_usage,automation_usage,parser_usage
Order,fields-order,not_exposed,Customer,customer,not_exposed,not_exposed_without_prohibited_edit_action,required,not_exposed_without_prohibited_edit_action,exposed_empty,,not_exposed_without_prohibited_edit_action,not_exposed_without_prohibited_edit_action,not_exposed_without_prohibited_edit_action,not_exposed_without_prohibited_edit_action,not_exposed_without_prohibited_edit_action,not_exposed_without_prohibited_edit_action,not_exposed,not_exposed,ungrouped_or_not_exposed,1,visible_in_qbench_ui,not_separately_exposed,true,not_exposed,not_exposed,not_exposed,[],not_exposed,not_exposed,not_exposed
Order,fields-order,not_exposed,Email To,submitted_by,core,not_exposed_without_prohibited_edit_action,optional,not_exposed_without_prohibited_edit_action,exposed_empty,,not_exposed_without_prohibited_edit_action,not_exposed_without_prohibited_edit_action,not_exposed_without_prohibited_edit_action,not_exposed_without_prohibited_edit_action,not_exposed_without_prohibited_edit_action,not_exposed_without_prohibited_edit_action,not_exposed,not_exposed,ungrouped_or_not_exposed,2,visible_in_qbench_ui,not_separately_exposed,true,not_exposed,not_exposed,not_exposed,"[{""configured"":true,""field_classification"":""core"",""target"":""lims""},{""configured"":true,""field_classification"":""core"",""target"":""portal""}]",not_exposed,not_exposed,not_exposed
Order,fields-order,not_exposed,Special Instructions,special_instructions,core,not_exposed_without_prohibited_edit_action,optional,not_exposed_without_prohibited_edit_action,exposed_empty,,not_exposed_without_prohibited_edit_action,not_exposed_without_prohibited_edit_action,not_exposed_without_prohibited_edit_action,not_exposed_without_prohibited_edit_action,not_exposed_without_prohibited_edit_action,not_exposed_without_prohibited_edit_action,not_exposed,not_exposed,ungrouped_or_not_exposed,3,visible_in_qbench_ui,not_separately_exposed,true,not_exposed,not_exposed,not_exposed,"[{""configured"":true,""field_classification"":""core"",""target"":""lims""},{""configured"":true,""field_classification"":""core"",""target"":""portal""}]",not_exposed,not_exposed,not_exposed
Order,fields-order,not_exposed,Date Received,date_received,core,not_exposed_without_prohibited_edit_action,optional,not_exposed_without_prohibited_edit_action,exposed_empty,,not_exposed_without_prohibited_edit_action,not_exposed_without_prohibited_edit_action,not_exposed_without_prohibited_edit_action,not_exposed_without_prohibited_edit_action,not_exposed_without_prohibited_edit_action,not_exposed_without_prohibited_edit_action,not_exposed,not_exposed,ungrouped_or_not_exposed,4,visible_in_qbench_ui,not_separately_exposed,true,not_exposed,not_exposed,not_exposed,"[{""configured"":true,""field_classification"":""core"",""target"":""lims""},{""configured"":true,""field_classification"":""core"",""target"":""portal""}]",not_exposed,not_exposed,not_exposed
Order,fields-order,not_exposed,Due Date,date_required,core,not_exposed_without_prohibited_edit_action,optional,not_exposed_without_prohibited_edit_action,exposed_empty,,not_exposed_without_prohibited_edit_action,not_exposed_without_prohibited_edit_action,not_exposed_without_prohibited_edit_action,not_exposed_without_prohibited_edit_action,not_exposed_without_prohibited_edit_action,not_exposed_without_prohibited_edit_action,not_exposed,not_exposed,ungrouped_or_not_exposed,5,visible_in_qbench_ui,not_separately_exposed,true,not_exposed,not_exposed,not_exposed,"[{""configured"":true,""field_classification"":""core"",""target"":""lims""},{""configured"":true,""field_classification"":""core"",""target"":""portal""}]",not_exposed,not_exposed,not_exposed
Order,fields-order,not_exposed,Date Completed,date_completed,core,not_exposed_without_prohibited_edit_action,optional,not_exposed_without_prohibited_edit_action,exposed_empty,,not_exposed_without_prohibited_edit_action,not_exposed_without_prohibited_edit_action,not_exposed_without_prohibited_edit_action,not_exposed_without_prohibited_edit_action,not_exposed_without_prohibited_edit_action,not_exposed_without_prohibited_edit_action,not_exposed,not_exposed,ungrouped_or_not_exposed,6,hidden_in_qbench_ui,not_separately_exposed,true,not_exposed,not_exposed,not_exposed,"[{""configured"":true,""field_classification"":""core"",""target"":""lims""},{""configured"":true,""field_classification"":""core"",""target"":""portal""}]",not_exposed,not_exposed,not_exposed
Order,fields-order,not_exposed,Invoicing Notes,invoicing_notes,core,not_exposed_without_prohibited_edit_action,optional,not_exposed_without_prohibited_edit_action,exposed_empty,,not_exposed_without_prohibited_edit_action,not_exposed_without_prohibited_edit_action,not_exposed_without_prohibited_edit_action,not_exposed_without_prohibited_edit_action,not_exposed_without_prohibited_edit_action,not_exposed_without_prohibited_edit_action,not_exposed,not_exposed,ungrouped_or_not_exposed,7,visible_in_qbench_ui,not_separately_exposed,true,not_exposed,not_exposed,not_exposed,"[{""configured"":true,""field_classification"":""core"",""target"":""lims""},{""configured"":true,""field_classification"":""core"",""target"":""portal""}]",not_exposed,not_exposed,not_exposed
Order,fields-order,not_exposed,Tags,tags,core,not_exposed_without_prohibited_edit_action,optional,not_exposed_without_prohibited_edit_action,exposed_empty,,not_exposed_without_prohibited_edit_action,not_exposed_without_prohibited_edit_action,not_exposed_without_prohibited_edit_action,not_exposed_without_prohibited_edit_action,not_exposed_without_prohibited_edit_action,not_exposed_without_prohibited_edit_action,not_exposed,not_exposed,ungrouped_or_not_exposed,8,hidden_in_qbench_ui,not_separately_exposed,true,not_exposed,not_exposed,not_exposed,"[{""configured"":true,""field_classification"":""core"",""target"":""lims""},{""configured"":true,""field_classification"":""core"",""target"":""portal""}]",not_exposed,not_exposed,not_exposed
Order,fields-order,not_exposed,Status,status,core,not_exposed_without_prohibited_edit_action,optional,not_exposed_without_prohibited_edit_action,exposed_empty,,not_exposed_without_prohibited_edit_action,not_exposed_without_prohibited_edit_action,not_exposed_without_prohibited_edit_action,not_exposed_without_prohibited_edit_action,not_exposed_without_prohibited_edit_action,not_exposed_without_prohibited_edit_action,not_exposed,not_exposed,ungrouped_or_not_exposed,9,visible_in_qbench_ui,not_separately_exposed,true,not_exposed,not_exposed,not_exposed,"[{""configured"":true,""field_classification"":""core"",""target"":""lims""},{""configured"":false,""field_classification"":""core"",""target"":""portal""}]",not_exposed,not_exposed,not_exposed
Order,fields-order,not_exposed,Additional Customers,additional_customers,core,not_exposed_without_prohibited_edit_action,optional,not_exposed_without_prohibited_edit_action,exposed_empty,,not_exposed_without_prohibited_edit_action,not_exposed_without_prohibited_edit_action,not_exposed_without_prohibited_edit_action,not_exposed_without_prohibited_edit_action,not_exposed_without_prohibited_edit_action,not_exposed_without_prohibited_edit_action,not_exposed,not_exposed,ungrouped_or_not_exposed,10,hidden_in_qbench_ui,not_separately_exposed,true,not_exposed,not_exposed,not_exposed,"[{""configured"":true,""field_classification"":""core"",""target"":""lims""},{""configured"":true,""field_classification"":""core"",""target"":""portal""}]",not_exposed,not_exposed,not_exposed
Order,fields-order,not_exposed,Date Approved,date_approved,not_exposed,not_exposed_without_prohibited_edit_action,optional,not_exposed_without_prohibited_edit_action,not_exposed,,not_exposed_without_prohibited_edit_action,not_exposed_without_prohibited_edit_action,not_exposed_without_prohibited_edit_action,not_exposed_without_prohibited_edit_action,not_exposed_without_prohibited_edit_action,not_exposed_without_prohibited_edit_action,not_exposed,not_exposed,ungrouped_or_not_exposed,11,visible_in_qbench_ui,not_separately_exposed,not_exposed,not_exposed,not_exposed,not_exposed,[],not_exposed,not_exposed,not_exposed
Order,fields-order,not_exposed,Date Requested,date_requested,core,not_exposed_without_prohibited_edit_action,optional,not_exposed_without_prohibited_edit_action,not_exposed,,not_exposed_without_prohibited_edit_action,not_exposed_without_prohibited_edit_action,not_exposed_without_prohibited_edit_action,not_exposed_without_prohibited_edit_action,not_exposed_without_prohibited_edit_action,not_exposed_without_prohibited_edit_action,not_exposed,not_exposed,ungrouped_or_not_exposed,12,visible_in_qbench_ui,not_separately_exposed,not_exposed,not_exposed,not_exposed,not_exposed,"[{""configured"":true,""field_classification"":""core"",""target"":""lims""},{""configured"":true,""field_classification"":""core"",""target"":""portal""}]",not_exposed,not_exposed,not_exposed
Order,fields-order,not_exposed,Date Created,date_created,not_exposed,not_exposed_without_prohibited_edit_action,optional,not_exposed_without_prohibited_edit_action,not_exposed,,not_exposed_without_prohibited_edit_action,not_exposed_without_prohibited_edit_action,not_exposed_without_prohibited_edit_action,not_exposed_without_prohibited_edit_action,not_exposed_without_prohibited_edit_action,not_exposed_without_prohibited_edit_action,not_exposed,not_exposed,ungrouped_or_not_exposed,13,visible_in_qbench_ui,not_separately_exposed,not_exposed,not_exposed,not_exposed,not_exposed,[],not_exposed,not_exposed,not_exposed
Order,fields-order,not_exposed,Attachments,attachments,core,not_exposed_without_prohibited_edit_action,optional,not_exposed_without_prohibited_edit_action,not_exposed,,not_exposed_without_prohibited_edit_action,not_exposed_without_prohibited_edit_action,not_exposed_without_prohibited_edit_action,not_exposed_without_prohibited_edit_action,not_exposed_without_prohibited_edit_action,not_exposed_without_prohibited_edit_action,not_exposed,not_exposed,ungrouped_or_not_exposed,14,visible_in_qbench_ui,not_separately_exposed,not_exposed,not_exposed,not_exposed,not_exposed,"[{""configured"":true,""field_classification"":""core"",""target"":""lims""},{""configured"":true,""field_classification"":""core"",""target"":""portal""}]",not_exposed,not_exposed,not_exposed
Order,fields-order,not_exposed,Promo Code,promo_code,additional,not_exposed_without_prohibited_edit_action,optional,not_exposed_without_prohibited_edit_action,exposed_empty,,not_exposed_without_prohibited_edit_action,not_exposed_without_prohibited_edit_action,not_exposed_without_prohibited_edit_action,not_exposed_without_prohibited_edit_action,not_exposed_without_prohibited_edit_action,not_exposed_without_prohibited_edit_action,not_exposed,not_exposed,ungrouped_or_not_exposed,15,hidden_in_qbench_ui,not_separately_exposed,true,not_exposed,not_exposed,not_exposed,"[{""configured"":true,""field_classification"":""additional"",""target"":""lims""},{""configured"":true,""field_classification"":""additional"",""target"":""portal""}]",not_exposed,not_exposed,not_exposed
Sample,fields-sample,not_exposed,METRC ID,metrc_uid,not_exposed,not_exposed_without_prohibited_edit_action,optional,not_exposed_without_prohibited_edit_action,exposed_empty,,not_exposed_without_prohibited_edit_action,not_exposed_without_prohibited_edit_action,not_exposed_without_prohibited_edit_action,not_exposed_without_prohibited_edit_action,not_exposed_without_prohibited_edit_action,not_exposed_without_prohibited_edit_action,shown_on_order_receiving,not_exposed,ungrouped_or_not_exposed,1,visible_in_qbench_ui,not_separately_exposed,true,not_exposed,not_exposed,not_exposed,[],not_exposed,not_exposed,not_exposed
Sample,fields-sample,not_exposed,Sample Type,accessioning_type,core,not_exposed_without_prohibited_edit_action,optional,not_exposed_without_prohibited_edit_action,exposed_empty,,not_exposed_without_prohibited_edit_action,not_exposed_without_prohibited_edit_action,not_exposed_without_prohibited_edit_action,not_exposed_without_prohibited_edit_action,not_exposed_without_prohibited_edit_action,not_exposed_without_prohibited_edit_action,shown_on_order_receiving,not_exposed,ungrouped_or_not_exposed,2,visible_in_qbench_ui,not_separately_exposed,true,not_exposed,not_exposed,not_exposed,"[{""configured"":true,""field_classification"":""core"",""target"":""lims""},{""configured"":true,""field_classification"":""core"",""target"":""portal""}]",not_exposed,not_exposed,not_exposed
Sample,fields-sample,not_exposed,Sample Name,sample_name,additional,not_exposed_without_prohibited_edit_action,required,not_exposed_without_prohibited_edit_action,exposed_empty,,not_exposed_without_prohibited_edit_action,not_exposed_without_prohibited_edit_action,not_exposed_without_prohibited_edit_action,not_exposed_without_prohibited_edit_action,not_exposed_without_prohibited_edit_action,not_exposed_without_prohibited_edit_action,shown_on_order_receiving,not_exposed,ungrouped_or_not_exposed,3,visible_in_qbench_ui,not_separately_exposed,true,not_exposed,not_exposed,not_exposed,"[{""configured"":true,""field_classification"":""additional"",""target"":""lims""},{""configured"":true,""field_classification"":""additional"",""target"":""portal""}]",not_exposed,not_exposed,not_exposed
Sample,fields-sample,not_exposed,Product Matrix MN OCM,product_matrix,additional,not_exposed_without_prohibited_edit_action,required,not_exposed_without_prohibited_edit_action,exposed_empty,,not_exposed_without_prohibited_edit_action,not_exposed_without_prohibited_edit_action,not_exposed_without_prohibited_edit_action,not_exposed_without_prohibited_edit_action,not_exposed_without_prohibited_edit_action,not_exposed_without_prohibited_edit_action,shown_on_order_receiving,not_exposed,ungrouped_or_not_exposed,4,visible_in_qbench_ui,not_separately_exposed,true,not_exposed,not_exposed,not_exposed,"[{""configured"":true,""field_classification"":""additional"",""target"":""lims""},{""configured"":true,""field_classification"":""additional"",""target"":""portal""}]",not_exposed,not_exposed,not_exposed
Sample,fields-sample,not_exposed,METRC Sample Type,METRC_SAMPLE_TYPE,additional,not_exposed_without_prohibited_edit_action,optional,not_exposed_without_prohibited_edit_action,exposed_empty,,not_exposed_without_prohibited_edit_action,not_exposed_without_prohibited_edit_action,not_exposed_without_prohibited_edit_action,not_exposed_without_prohibited_edit_action,not_exposed_without_prohibited_edit_action,not_exposed_without_prohibited_edit_action,shown_on_order_receiving,not_exposed,ungrouped_or_not_exposed,5,visible_in_qbench_ui,not_separately_exposed,true,not_exposed,not_exposed,not_exposed,"[{""configured"":true,""field_classification"":""additional"",""target"":""lims""},{""configured"":true,""field_classification"":""additional"",""target"":""portal""}]",not_exposed,not_exposed,not_exposed
Sample,fields-sample,not_exposed,Level of Analysis,level_of_analysis,additional,not_exposed_without_prohibited_edit_action,optional,not_exposed_without_prohibited_edit_action,exposed_safe,Original,not_exposed_without_prohibited_edit_action,not_exposed_without_prohibited_edit_action,not_exposed_without_prohibited_edit_action,not_exposed_without_prohibited_edit_action,not_exposed_without_prohibited_edit_action,not_exposed_without_prohibited_edit_action,hidden_on_order_receiving,not_exposed,ungrouped_or_not_exposed,6,visible_in_qbench_ui,not_separately_exposed,true,not_exposed,not_exposed,not_exposed,"[{""configured"":true,""field_classification"":""additional"",""target"":""lims""},{""configured"":true,""field_classification"":""additional"",""target"":""portal""}]",not_exposed,not_exposed,not_exposed
Sample,fields-sample,not_exposed,Date Collected (Sampled),date_collected_sampled,additional,not_exposed_without_prohibited_edit_action,required,not_exposed_without_prohibited_edit_action,exposed_empty,,not_exposed_without_prohibited_edit_action,not_exposed_without_prohibited_edit_action,not_exposed_without_prohibited_edit_action,not_exposed_without_prohibited_edit_action,not_exposed_without_prohibited_edit_action,not_exposed_without_prohibited_edit_action,shown_on_order_receiving,not_exposed,ungrouped_or_not_exposed,7,visible_in_qbench_ui,not_separately_exposed,true,not_exposed,not_exposed,not_exposed,"[{""configured"":true,""field_classification"":""additional"",""target"":""lims""},{""configured"":true,""field_classification"":""additional"",""target"":""portal""}]",not_exposed,not_exposed,not_exposed
Sample,fields-sample,not_exposed,Location,location,core,not_exposed_without_prohibited_edit_action,optional,not_exposed_without_prohibited_edit_action,exposed_empty,,not_exposed_without_prohibited_edit_action,not_exposed_without_prohibited_edit_action,not_exposed_without_prohibited_edit_action,not_exposed_without_prohibited_edit_action,not_exposed_without_prohibited_edit_action,not_exposed_without_prohibited_edit_action,hidden_on_order_receiving,not_exposed,ungrouped_or_not_exposed,8,visible_in_qbench_ui,not_separately_exposed,true,not_exposed,not_exposed,not_exposed,"[{""configured"":true,""field_classification"":""core"",""target"":""lims""},{""configured"":true,""field_classification"":""core"",""target"":""portal""}]",not_exposed,not_exposed,not_exposed
Sample,fields-sample,not_exposed,Time of Collection,time_of_collection,core,not_exposed_without_prohibited_edit_action,optional,not_exposed_without_prohibited_edit_action,exposed_empty,,not_exposed_without_prohibited_edit_action,not_exposed_without_prohibited_edit_action,not_exposed_without_prohibited_edit_action,not_exposed_without_prohibited_edit_action,not_exposed_without_prohibited_edit_action,not_exposed_without_prohibited_edit_action,shown_on_order_receiving,not_exposed,ungrouped_or_not_exposed,9,visible_in_qbench_ui,not_separately_exposed,true,not_exposed,not_exposed,not_exposed,"[{""configured"":true,""field_classification"":""core"",""target"":""lims""},{""configured"":true,""field_classification"":""core"",""target"":""portal""}]",not_exposed,not_exposed,not_exposed
Sample,fields-sample,not_exposed,Point of Collection,point_of_collection,core,not_exposed_without_prohibited_edit_action,optional,not_exposed_without_prohibited_edit_action,exposed_empty,,not_exposed_without_prohibited_edit_action,not_exposed_without_prohibited_edit_action,not_exposed_without_prohibited_edit_action,not_exposed_without_prohibited_edit_action,not_exposed_without_prohibited_edit_action,not_exposed_without_prohibited_edit_action,not_exposed,not_exposed,ungrouped_or_not_exposed,10,hidden_in_qbench_ui,not_separately_exposed,true,not_exposed,not_exposed,not_exposed,"[{""configured"":true,""field_classification"":""core"",""target"":""lims""},{""configured"":true,""field_classification"":""core"",""target"":""portal""}]",not_exposed,not_exposed,not_exposed
Sample,fields-sample,not_exposed,Batch/Lot ID,batch_id,additional,not_exposed_without_prohibited_edit_action,optional,not_exposed_without_prohibited_edit_action,exposed_empty,,not_exposed_without_prohibited_edit_action,not_exposed_without_prohibited_edit_action,not_exposed_without_prohibited_edit_action,not_exposed_without_prohibited_edit_action,not_exposed_without_prohibited_edit_action,not_exposed_without_prohibited_edit_action,shown_on_order_receiving,not_exposed,ungrouped_or_not_exposed,11,visible_in_qbench_ui,not_separately_exposed,true,not_exposed,not_exposed,not_exposed,"[{""configured"":true,""field_classification"":""additional"",""target"":""lims""},{""configured"":true,""field_classification"":""additional"",""target"":""portal""}]",not_exposed,not_exposed,not_exposed
Sample,fields-sample,not_exposed,Sample Type,sample_type,core,not_exposed_without_prohibited_edit_action,optional,not_exposed_without_prohibited_edit_action,exposed_empty,,not_exposed_without_prohibited_edit_action,not_exposed_without_prohibited_edit_action,not_exposed_without_prohibited_edit_action,not_exposed_without_prohibited_edit_action,not_exposed_without_prohibited_edit_action,not_exposed_without_prohibited_edit_action,not_exposed,not_exposed,ungrouped_or_not_exposed,12,hidden_in_qbench_ui,not_separately_exposed,true,not_exposed,not_exposed,not_exposed,"[{""configured"":true,""field_classification"":""core"",""target"":""lims""},{""configured"":true,""field_classification"":""core"",""target"":""portal""}]",not_exposed,not_exposed,not_exposed
Sample,fields-sample,not_exposed,Description,description,core,not_exposed_without_prohibited_edit_action,optional,not_exposed_without_prohibited_edit_action,exposed_empty,,not_exposed_without_prohibited_edit_action,not_exposed_without_prohibited_edit_action,not_exposed_without_prohibited_edit_action,not_exposed_without_prohibited_edit_action,not_exposed_without_prohibited_edit_action,not_exposed_without_prohibited_edit_action,shown_on_order_receiving,not_exposed,ungrouped_or_not_exposed,13,visible_in_qbench_ui,not_separately_exposed,true,not_exposed,not_exposed,not_exposed,"[{""configured"":true,""field_classification"":""core"",""target"":""lims""},{""configured"":true,""field_classification"":""core"",""target"":""portal""}]",not_exposed,not_exposed,not_exposed
Sample,fields-sample,not_exposed,Batch Size,batch_size,additional,not_exposed_without_prohibited_edit_action,optional,not_exposed_without_prohibited_edit_action,exposed_empty,,not_exposed_without_prohibited_edit_action,not_exposed_without_prohibited_edit_action,not_exposed_without_prohibited_edit_action,not_exposed_without_prohibited_edit_action,not_exposed_without_prohibited_edit_action,not_exposed_without_prohibited_edit_action,shown_on_order_receiving,not_exposed,ungrouped_or_not_exposed,14,visible_in_qbench_ui,not_separately_exposed,true,not_exposed,not_exposed,not_exposed,"[{""configured"":true,""field_classification"":""additional"",""target"":""lims""},{""configured"":true,""field_classification"":""additional"",""target"":""portal""}]",not_exposed,not_exposed,not_exposed
Sample,fields-sample,not_exposed,Servings Per Container,servings_per_container,additional,not_exposed_without_prohibited_edit_action,optional,not_exposed_without_prohibited_edit_action,exposed_empty,,not_exposed_without_prohibited_edit_action,not_exposed_without_prohibited_edit_action,not_exposed_without_prohibited_edit_action,not_exposed_without_prohibited_edit_action,not_exposed_without_prohibited_edit_action,not_exposed_without_prohibited_edit_action,shown_on_order_receiving,not_exposed,ungrouped_or_not_exposed,15,visible_in_qbench_ui,not_separately_exposed,true,not_exposed,not_exposed,not_exposed,"[{""configured"":true,""field_classification"":""additional"",""target"":""lims""},{""configured"":true,""field_classification"":""additional"",""target"":""portal""}]",not_exposed,not_exposed,not_exposed
Sample,fields-sample,not_exposed,Serving Size (g),units_per_serving,additional,not_exposed_without_prohibited_edit_action,optional,not_exposed_without_prohibited_edit_action,exposed_empty,,not_exposed_without_prohibited_edit_action,not_exposed_without_prohibited_edit_action,not_exposed_without_prohibited_edit_action,not_exposed_without_prohibited_edit_action,not_exposed_without_prohibited_edit_action,not_exposed_without_prohibited_edit_action,shown_on_order_receiving,not_exposed,ungrouped_or_not_exposed,16,visible_in_qbench_ui,not_separately_exposed,true,not_exposed,not_exposed,not_exposed,"[{""configured"":true,""field_classification"":""additional"",""target"":""lims""},{""configured"":true,""field_classification"":""additional"",""target"":""portal""}]",not_exposed,not_exposed,not_exposed
Sample,fields-sample,not_exposed,Cannabis/Hemp Strain,strain,additional,not_exposed_without_prohibited_edit_action,optional,not_exposed_without_prohibited_edit_action,exposed_empty,,not_exposed_without_prohibited_edit_action,not_exposed_without_prohibited_edit_action,not_exposed_without_prohibited_edit_action,not_exposed_without_prohibited_edit_action,not_exposed_without_prohibited_edit_action,not_exposed_without_prohibited_edit_action,shown_on_order_receiving,not_exposed,ungrouped_or_not_exposed,17,visible_in_qbench_ui,not_separately_exposed,true,not_exposed,not_exposed,not_exposed,"[{""configured"":true,""field_classification"":""additional"",""target"":""lims""},{""configured"":true,""field_classification"":""additional"",""target"":""portal""}]",not_exposed,not_exposed,not_exposed
Sample,fields-sample,not_exposed,Tags,tags,core,not_exposed_without_prohibited_edit_action,optional,not_exposed_without_prohibited_edit_action,exposed_empty,,not_exposed_without_prohibited_edit_action,not_exposed_without_prohibited_edit_action,not_exposed_without_prohibited_edit_action,not_exposed_without_prohibited_edit_action,not_exposed_without_prohibited_edit_action,not_exposed_without_prohibited_edit_action,not_exposed,not_exposed,ungrouped_or_not_exposed,18,hidden_in_qbench_ui,not_separately_exposed,true,not_exposed,not_exposed,not_exposed,"[{""configured"":true,""field_classification"":""core"",""target"":""lims""},{""configured"":true,""field_classification"":""core"",""target"":""portal""}]",not_exposed,not_exposed,not_exposed
Sample,fields-sample,not_exposed,Attachments,attachments,not_exposed,not_exposed_without_prohibited_edit_action,optional,not_exposed_without_prohibited_edit_action,not_exposed,,not_exposed_without_prohibited_edit_action,not_exposed_without_prohibited_edit_action,not_exposed_without_prohibited_edit_action,not_exposed_without_prohibited_edit_action,not_exposed_without_prohibited_edit_action,not_exposed_without_prohibited_edit_action,hidden_on_order_receiving,not_exposed,ungrouped_or_not_exposed,19,visible_in_qbench_ui,not_separately_exposed,not_exposed,not_exposed,not_exposed,not_exposed,[],not_exposed,not_exposed,not_exposed
Sample,fields-sample,not_exposed,Email To,email_to,core,not_exposed_without_prohibited_edit_action,optional,not_exposed_without_prohibited_edit_action,exposed_empty,,not_exposed_without_prohibited_edit_action,not_exposed_without_prohibited_edit_action,not_exposed_without_prohibited_edit_action,not_exposed_without_prohibited_edit_action,not_exposed_without_prohibited_edit_action,not_exposed_without_prohibited_edit_action,not_exposed,not_exposed,ungrouped_or_not_exposed,20,hidden_in_qbench_ui,not_separately_exposed,true,not_exposed,not_exposed,not_exposed,"[{""configured"":true,""field_classification"":""core"",""target"":""lims""},{""configured"":true,""field_classification"":""core"",""target"":""portal""}]",not_exposed,not_exposed,not_exposed
Sample,fields-sample,not_exposed,Comments,comments,core,not_exposed_without_prohibited_edit_action,optional,not_exposed_without_prohibited_edit_action,exposed_empty,,not_exposed_without_prohibited_edit_action,not_exposed_without_prohibited_edit_action,not_exposed_without_prohibited_edit_action,not_exposed_without_prohibited_edit_action,not_exposed_without_prohibited_edit_action,not_exposed_without_prohibited_edit_action,shown_on_order_receiving,not_exposed,ungrouped_or_not_exposed,21,visible_in_qbench_ui,not_separately_exposed,true,not_exposed,not_exposed,not_exposed,"[{""configured"":true,""field_classification"":""core"",""target"":""lims""},{""configured"":true,""field_classification"":""core"",""target"":""portal""}]",not_exposed,not_exposed,not_exposed
Sample,fields-sample,not_exposed,Lab ID,lab_id,core,not_exposed_without_prohibited_edit_action,optional,not_exposed_without_prohibited_edit_action,exposed_empty,,not_exposed_without_prohibited_edit_action,not_exposed_without_prohibited_edit_action,not_exposed_without_prohibited_edit_action,not_exposed_without_prohibited_edit_action,not_exposed_without_prohibited_edit_action,not_exposed_without_prohibited_edit_action,not_exposed,not_exposed,ungrouped_or_not_exposed,22,hidden_in_qbench_ui,not_separately_exposed,true,not_exposed,not_exposed,not_exposed,"[{""configured"":false,""field_classification"":""core"",""target"":""lims""},{""configured"":false,""field_classification"":""core"",""target"":""portal""}]",not_exposed,not_exposed,not_exposed
Sample,fields-sample,not_exposed,Source,source,core,not_exposed_without_prohibited_edit_action,optional,not_exposed_without_prohibited_edit_action,exposed_empty,,not_exposed_without_prohibited_edit_action,not_exposed_without_prohibited_edit_action,not_exposed_without_prohibited_edit_action,not_exposed_without_prohibited_edit_action,not_exposed_without_prohibited_edit_action,not_exposed_without_prohibited_edit_action,hidden_on_order_receiving,not_exposed,ungrouped_or_not_exposed,23,visible_in_qbench_ui,not_separately_exposed,true,not_exposed,not_exposed,not_exposed,"[{""configured"":true,""field_classification"":""core"",""target"":""lims""},{""configured"":true,""field_classification"":""core"",""target"":""portal""}]",not_exposed,not_exposed,not_exposed
Sample,fields-sample,not_exposed,Product Label Amount - Total THC (If applicable),product_label_totalthc,additional,not_exposed_without_prohibited_edit_action,optional,not_exposed_without_prohibited_edit_action,exposed_empty,,not_exposed_without_prohibited_edit_action,not_exposed_without_prohibited_edit_action,not_exposed_without_prohibited_edit_action,not_exposed_without_prohibited_edit_action,not_exposed_without_prohibited_edit_action,not_exposed_without_prohibited_edit_action,shown_on_order_receiving,not_exposed,Product Label Amounts,24,visible_in_qbench_ui,not_separately_exposed,true,not_exposed,not_exposed,not_exposed,"[{""configured"":true,""field_classification"":""additional"",""target"":""lims""},{""configured"":true,""field_classification"":""additional"",""target"":""portal""}]",not_exposed,not_exposed,not_exposed
Sample,fields-sample,not_exposed,Product Label Amount - Total CBD (If applicable),product_label_totalcbd,additional,not_exposed_without_prohibited_edit_action,optional,not_exposed_without_prohibited_edit_action,exposed_empty,,not_exposed_without_prohibited_edit_action,not_exposed_without_prohibited_edit_action,not_exposed_without_prohibited_edit_action,not_exposed_without_prohibited_edit_action,not_exposed_without_prohibited_edit_action,not_exposed_without_prohibited_edit_action,shown_on_order_receiving,not_exposed,Product Label Amounts,25,visible_in_qbench_ui,not_separately_exposed,true,not_exposed,not_exposed,not_exposed,"[{""configured"":true,""field_classification"":""additional"",""target"":""lims""},{""configured"":true,""field_classification"":""additional"",""target"":""portal""}]",not_exposed,not_exposed,not_exposed
Sample,fields-sample,not_exposed,Product Label Amount - d9 THC (If applicable),product_label_thc,additional,not_exposed_without_prohibited_edit_action,optional,not_exposed_without_prohibited_edit_action,exposed_empty,,not_exposed_without_prohibited_edit_action,not_exposed_without_prohibited_edit_action,not_exposed_without_prohibited_edit_action,not_exposed_without_prohibited_edit_action,not_exposed_without_prohibited_edit_action,not_exposed_without_prohibited_edit_action,shown_on_order_receiving,not_exposed,Product Label Amounts,26,visible_in_qbench_ui,not_separately_exposed,true,not_exposed,not_exposed,not_exposed,"[{""configured"":true,""field_classification"":""additional"",""target"":""lims""},{""configured"":true,""field_classification"":""additional"",""target"":""portal""}]",not_exposed,not_exposed,not_exposed
Sample,fields-sample,not_exposed,Product Label Amount - THCa (If applicable),product_label_thca,additional,not_exposed_without_prohibited_edit_action,optional,not_exposed_without_prohibited_edit_action,exposed_empty,,not_exposed_without_prohibited_edit_action,not_exposed_without_prohibited_edit_action,not_exposed_without_prohibited_edit_action,not_exposed_without_prohibited_edit_action,not_exposed_without_prohibited_edit_action,not_exposed_without_prohibited_edit_action,shown_on_order_receiving,not_exposed,Product Label Amounts,27,visible_in_qbench_ui,not_separately_exposed,true,not_exposed,not_exposed,not_exposed,"[{""configured"":true,""field_classification"":""additional"",""target"":""lims""},{""configured"":true,""field_classification"":""additional"",""target"":""portal""}]",not_exposed,not_exposed,not_exposed
Sample,fields-sample,not_exposed,Product Label Amount - CBD (If applicable),product_label_cbd,additional,not_exposed_without_prohibited_edit_action,optional,not_exposed_without_prohibited_edit_action,exposed_empty,,not_exposed_without_prohibited_edit_action,not_exposed_without_prohibited_edit_action,not_exposed_without_prohibited_edit_action,not_exposed_without_prohibited_edit_action,not_exposed_without_prohibited_edit_action,not_exposed_without_prohibited_edit_action,shown_on_order_receiving,not_exposed,Product Label Amounts,28,visible_in_qbench_ui,not_separately_exposed,true,not_exposed,not_exposed,not_exposed,"[{""configured"":true,""field_classification"":""additional"",""target"":""lims""},{""configured"":true,""field_classification"":""additional"",""target"":""portal""}]",not_exposed,not_exposed,not_exposed
Sample,fields-sample,not_exposed,Product Label Amount - CBDa (If applicable),product_label_cbda,additional,not_exposed_without_prohibited_edit_action,optional,not_exposed_without_prohibited_edit_action,exposed_empty,,not_exposed_without_prohibited_edit_action,not_exposed_without_prohibited_edit_action,not_exposed_without_prohibited_edit_action,not_exposed_without_prohibited_edit_action,not_exposed_without_prohibited_edit_action,not_exposed_without_prohibited_edit_action,shown_on_order_receiving,not_exposed,Product Label Amounts,29,visible_in_qbench_ui,not_separately_exposed,true,not_exposed,not_exposed,not_exposed,"[{""configured"":true,""field_classification"":""additional"",""target"":""lims""},{""configured"":true,""field_classification"":""additional"",""target"":""portal""}]",not_exposed,not_exposed,not_exposed
Sample,fields-sample,not_exposed,Product Label Amount - CBN (If applicable),product_label_cbn,additional,not_exposed_without_prohibited_edit_action,optional,not_exposed_without_prohibited_edit_action,exposed_empty,,not_exposed_without_prohibited_edit_action,not_exposed_without_prohibited_edit_action,not_exposed_without_prohibited_edit_action,not_exposed_without_prohibited_edit_action,not_exposed_without_prohibited_edit_action,not_exposed_without_prohibited_edit_action,shown_on_order_receiving,not_exposed,Product Label Amounts,30,visible_in_qbench_ui,not_separately_exposed,true,not_exposed,not_exposed,not_exposed,"[{""configured"":true,""field_classification"":""additional"",""target"":""lims""},{""configured"":true,""field_classification"":""additional"",""target"":""portal""}]",not_exposed,not_exposed,not_exposed
Sample,fields-sample,not_exposed,Product Label Amount - CBG (If applicable),product_label_cbg,additional,not_exposed_without_prohibited_edit_action,optional,not_exposed_without_prohibited_edit_action,exposed_empty,,not_exposed_without_prohibited_edit_action,not_exposed_without_prohibited_edit_action,not_exposed_without_prohibited_edit_action,not_exposed_without_prohibited_edit_action,not_exposed_without_prohibited_edit_action,not_exposed_without_prohibited_edit_action,shown_on_order_receiving,not_exposed,Product Label Amounts,31,visible_in_qbench_ui,not_separately_exposed,true,not_exposed,not_exposed,not_exposed,"[{""configured"":true,""field_classification"":""additional"",""target"":""lims""},{""configured"":true,""field_classification"":""additional"",""target"":""portal""}]",not_exposed,not_exposed,not_exposed
Sample,fields-sample,not_exposed,Product Label Amount - CBGa (If applicable),product_label_cbga,additional,not_exposed_without_prohibited_edit_action,optional,not_exposed_without_prohibited_edit_action,exposed_empty,,not_exposed_without_prohibited_edit_action,not_exposed_without_prohibited_edit_action,not_exposed_without_prohibited_edit_action,not_exposed_without_prohibited_edit_action,not_exposed_without_prohibited_edit_action,not_exposed_without_prohibited_edit_action,shown_on_order_receiving,not_exposed,Product Label Amounts,32,visible_in_qbench_ui,not_separately_exposed,true,not_exposed,not_exposed,not_exposed,"[{""configured"":true,""field_classification"":""additional"",""target"":""lims""},{""configured"":true,""field_classification"":""additional"",""target"":""portal""}]",not_exposed,not_exposed,not_exposed
Sample,fields-sample,not_exposed,Product Label Amount - d8 THC (If applicable),product_label_d8thc,additional,not_exposed_without_prohibited_edit_action,optional,not_exposed_without_prohibited_edit_action,exposed_empty,,not_exposed_without_prohibited_edit_action,not_exposed_without_prohibited_edit_action,not_exposed_without_prohibited_edit_action,not_exposed_without_prohibited_edit_action,not_exposed_without_prohibited_edit_action,not_exposed_without_prohibited_edit_action,shown_on_order_receiving,not_exposed,Product Label Amounts,33,visible_in_qbench_ui,not_separately_exposed,true,not_exposed,not_exposed,not_exposed,"[{""configured"":true,""field_classification"":""additional"",""target"":""lims""},{""configured"":true,""field_classification"":""additional"",""target"":""portal""}]",not_exposed,not_exposed,not_exposed
Sample,fields-sample,not_exposed,Product Label Amount - THCv (If applicable),product_label_thcv,additional,not_exposed_without_prohibited_edit_action,optional,not_exposed_without_prohibited_edit_action,exposed_empty,,not_exposed_without_prohibited_edit_action,not_exposed_without_prohibited_edit_action,not_exposed_without_prohibited_edit_action,not_exposed_without_prohibited_edit_action,not_exposed_without_prohibited_edit_action,not_exposed_without_prohibited_edit_action,shown_on_order_receiving,not_exposed,Product Label Amounts,34,visible_in_qbench_ui,not_separately_exposed,true,not_exposed,not_exposed,not_exposed,"[{""configured"":true,""field_classification"":""additional"",""target"":""lims""},{""configured"":true,""field_classification"":""additional"",""target"":""portal""}]",not_exposed,not_exposed,not_exposed
Sample,fields-sample,not_exposed,Product Label Amount - CBC (If applicable),product_label_cbc,additional,not_exposed_without_prohibited_edit_action,optional,not_exposed_without_prohibited_edit_action,exposed_empty,,not_exposed_without_prohibited_edit_action,not_exposed_without_prohibited_edit_action,not_exposed_without_prohibited_edit_action,not_exposed_without_prohibited_edit_action,not_exposed_without_prohibited_edit_action,not_exposed_without_prohibited_edit_action,shown_on_order_receiving,not_exposed,Product Label Amounts,35,visible_in_qbench_ui,not_separately_exposed,true,not_exposed,not_exposed,not_exposed,"[{""configured"":true,""field_classification"":""additional"",""target"":""lims""},{""configured"":true,""field_classification"":""additional"",""target"":""portal""}]",not_exposed,not_exposed,not_exposed
Sample,fields-sample,not_exposed,METRC Publish Response,metrc_publish_response,additional,not_exposed_without_prohibited_edit_action,optional,not_exposed_without_prohibited_edit_action,exposed_empty,,not_exposed_without_prohibited_edit_action,not_exposed_without_prohibited_edit_action,not_exposed_without_prohibited_edit_action,not_exposed_without_prohibited_edit_action,not_exposed_without_prohibited_edit_action,not_exposed_without_prohibited_edit_action,shown_on_order_receiving,not_exposed,ungrouped_or_not_exposed,36,visible_in_qbench_ui,not_separately_exposed,true,not_exposed,not_exposed,not_exposed,"[{""configured"":true,""field_classification"":""additional"",""target"":""lims""},{""configured"":true,""field_classification"":""additional"",""target"":""portal""}]",not_exposed,not_exposed,not_exposed
Sample,fields-sample,not_exposed,METRC Publish Status,metrc_publish_status,additional,not_exposed_without_prohibited_edit_action,optional,not_exposed_without_prohibited_edit_action,exposed_empty,,not_exposed_without_prohibited_edit_action,not_exposed_without_prohibited_edit_action,not_exposed_without_prohibited_edit_action,not_exposed_without_prohibited_edit_action,not_exposed_without_prohibited_edit_action,not_exposed_without_prohibited_edit_action,shown_on_order_receiving,not_exposed,ungrouped_or_not_exposed,37,visible_in_qbench_ui,not_separately_exposed,true,not_exposed,not_exposed,not_exposed,"[{""configured"":true,""field_classification"":""additional"",""target"":""lims""},{""configured"":true,""field_classification"":""additional"",""target"":""portal""}]",not_exposed,not_exposed,not_exposed
Sample,fields-sample,not_exposed,Sample Intake Weight,intake_weight,additional,not_exposed_without_prohibited_edit_action,optional,not_exposed_without_prohibited_edit_action,exposed_empty,,not_exposed_without_prohibited_edit_action,not_exposed_without_prohibited_edit_action,not_exposed_without_prohibited_edit_action,not_exposed_without_prohibited_edit_action,not_exposed_without_prohibited_edit_action,not_exposed_without_prohibited_edit_action,hidden_on_order_receiving,not_exposed,ungrouped_or_not_exposed,38,visible_in_qbench_ui,not_separately_exposed,true,not_exposed,not_exposed,not_exposed,"[{""configured"":true,""field_classification"":""additional"",""target"":""lims""},{""configured"":true,""field_classification"":""additional"",""target"":""portal""}]",not_exposed,not_exposed,not_exposed
Sample,fields-sample,not_exposed,Stability Required,StabilityRequired_field,additional,not_exposed_without_prohibited_edit_action,optional,not_exposed_without_prohibited_edit_action,exposed_empty,,not_exposed_without_prohibited_edit_action,not_exposed_without_prohibited_edit_action,not_exposed_without_prohibited_edit_action,not_exposed_without_prohibited_edit_action,not_exposed_without_prohibited_edit_action,not_exposed_without_prohibited_edit_action,hidden_on_order_receiving,not_exposed,ungrouped_or_not_exposed,39,visible_in_qbench_ui,not_separately_exposed,true,not_exposed,not_exposed,not_exposed,"[{""configured"":true,""field_classification"":""additional"",""target"":""lims""},{""configured"":false,""field_classification"":""additional"",""target"":""portal""}]",not_exposed,not_exposed,not_exposed
Sample,fields-sample,not_exposed,Stability Pull Date,stability_pull_date,additional,not_exposed_without_prohibited_edit_action,optional,not_exposed_without_prohibited_edit_action,exposed_empty,,not_exposed_without_prohibited_edit_action,not_exposed_without_prohibited_edit_action,not_exposed_without_prohibited_edit_action,not_exposed_without_prohibited_edit_action,not_exposed_without_prohibited_edit_action,not_exposed_without_prohibited_edit_action,hidden_on_order_receiving,not_exposed,ungrouped_or_not_exposed,40,visible_in_qbench_ui,not_separately_exposed,true,not_exposed,not_exposed,not_exposed,"[{""configured"":true,""field_classification"":""additional"",""target"":""lims""},{""configured"":false,""field_classification"":""additional"",""target"":""portal""}]",not_exposed,not_exposed,not_exposed
Sample,fields-sample,not_exposed,Storage Bin,storage_bin_stability_field,additional,not_exposed_without_prohibited_edit_action,optional,not_exposed_without_prohibited_edit_action,exposed_empty,,not_exposed_without_prohibited_edit_action,not_exposed_without_prohibited_edit_action,not_exposed_without_prohibited_edit_action,not_exposed_without_prohibited_edit_action,not_exposed_without_prohibited_edit_action,not_exposed_without_prohibited_edit_action,hidden_on_order_receiving,not_exposed,ungrouped_or_not_exposed,41,visible_in_qbench_ui,not_separately_exposed,true,not_exposed,not_exposed,not_exposed,"[{""configured"":true,""field_classification"":""additional"",""target"":""lims""},{""configured"":false,""field_classification"":""additional"",""target"":""portal""}]",not_exposed,not_exposed,not_exposed
Sample,fields-sample,not_exposed,METRC Source Package ID,metrc_source_package_id,additional,not_exposed_without_prohibited_edit_action,optional,not_exposed_without_prohibited_edit_action,exposed_empty,,not_exposed_without_prohibited_edit_action,not_exposed_without_prohibited_edit_action,not_exposed_without_prohibited_edit_action,not_exposed_without_prohibited_edit_action,not_exposed_without_prohibited_edit_action,not_exposed_without_prohibited_edit_action,shown_on_order_receiving,not_exposed,ungrouped_or_not_exposed,42,visible_in_qbench_ui,not_separately_exposed,true,not_exposed,not_exposed,not_exposed,"[{""configured"":true,""field_classification"":""additional"",""target"":""lims""},{""configured"":true,""field_classification"":""additional"",""target"":""portal""}]",not_exposed,not_exposed,not_exposed
Sample,fields-sample,not_exposed,METRC Lab Test ID,metrc_lab_test_id,additional,not_exposed_without_prohibited_edit_action,optional,not_exposed_without_prohibited_edit_action,exposed_empty,,not_exposed_without_prohibited_edit_action,not_exposed_without_prohibited_edit_action,not_exposed_without_prohibited_edit_action,not_exposed_without_prohibited_edit_action,not_exposed_without_prohibited_edit_action,not_exposed_without_prohibited_edit_action,hidden_on_order_receiving,not_exposed,ungrouped_or_not_exposed,43,visible_in_qbench_ui,not_separately_exposed,true,not_exposed,not_exposed,not_exposed,"[{""configured"":true,""field_classification"":""additional"",""target"":""lims""},{""configured"":true,""field_classification"":""additional"",""target"":""portal""}]",not_exposed,not_exposed,not_exposed
Sample,fields-sample,not_exposed,Sample Received,date_received1,additional,not_exposed_without_prohibited_edit_action,optional,not_exposed_without_prohibited_edit_action,exposed_empty,,not_exposed_without_prohibited_edit_action,not_exposed_without_prohibited_edit_action,not_exposed_without_prohibited_edit_action,not_exposed_without_prohibited_edit_action,not_exposed_without_prohibited_edit_action,not_exposed_without_prohibited_edit_action,shown_on_order_receiving,not_exposed,ungrouped_or_not_exposed,43,visible_in_qbench_ui,not_separately_exposed,true,not_exposed,not_exposed,not_exposed,"[{""configured"":true,""field_classification"":""additional"",""target"":""lims""},{""configured"":true,""field_classification"":""additional"",""target"":""portal""}]",not_exposed,not_exposed,not_exposed
Test,fields-test,not_exposed,Start Date,start_date,core,not_exposed_without_prohibited_edit_action,optional,not_exposed_without_prohibited_edit_action,exposed_empty,,not_exposed_without_prohibited_edit_action,not_exposed_without_prohibited_edit_action,not_exposed_without_prohibited_edit_action,not_exposed_without_prohibited_edit_action,not_exposed_without_prohibited_edit_action,not_exposed_without_prohibited_edit_action,hidden_on_order_receiving,not_exposed,ungrouped_or_not_exposed,1,visible_in_qbench_ui,not_separately_exposed,true,not_exposed,not_exposed,not_exposed,"[{""configured"":true,""field_classification"":""core"",""target"":""lims""},{""configured"":true,""field_classification"":""core"",""target"":""portal""}]",not_exposed,not_exposed,not_exposed
Test,fields-test,not_exposed,Sample Weight,test_sample_weight,additional,not_exposed_without_prohibited_edit_action,optional,not_exposed_without_prohibited_edit_action,exposed_empty,,not_exposed_without_prohibited_edit_action,not_exposed_without_prohibited_edit_action,not_exposed_without_prohibited_edit_action,not_exposed_without_prohibited_edit_action,not_exposed_without_prohibited_edit_action,not_exposed_without_prohibited_edit_action,hidden_on_order_receiving,not_exposed,Product Label Amounts,2,visible_in_qbench_ui,not_separately_exposed,true,not_exposed,not_exposed,not_exposed,"[{""configured"":true,""field_classification"":""additional"",""target"":""lims""},{""configured"":true,""field_classification"":""additional"",""target"":""portal""}]",not_exposed,not_exposed,not_exposed
Test,fields-test,not_exposed,Status,status,core,not_exposed_without_prohibited_edit_action,optional,not_exposed_without_prohibited_edit_action,exposed_safe,NOT STARTED,not_exposed_without_prohibited_edit_action,not_exposed_without_prohibited_edit_action,not_exposed_without_prohibited_edit_action,not_exposed_without_prohibited_edit_action,not_exposed_without_prohibited_edit_action,not_exposed_without_prohibited_edit_action,shown_on_order_receiving,not_exposed,ungrouped_or_not_exposed,3,visible_in_qbench_ui,not_separately_exposed,true,not_exposed,not_exposed,not_exposed,"[{""configured"":true,""field_classification"":""core"",""target"":""lims""},{""configured"":false,""field_classification"":""core"",""target"":""portal""}]",not_exposed,not_exposed,not_exposed
Test,fields-test,not_exposed,Technician,tech,core,not_exposed_without_prohibited_edit_action,optional,not_exposed_without_prohibited_edit_action,exposed_empty,,not_exposed_without_prohibited_edit_action,not_exposed_without_prohibited_edit_action,not_exposed_without_prohibited_edit_action,not_exposed_without_prohibited_edit_action,not_exposed_without_prohibited_edit_action,not_exposed_without_prohibited_edit_action,hidden_on_order_receiving,not_exposed,ungrouped_or_not_exposed,4,visible_in_qbench_ui,not_separately_exposed,true,not_exposed,not_exposed,not_exposed,"[{""configured"":true,""field_classification"":""core"",""target"":""lims""},{""configured"":true,""field_classification"":""core"",""target"":""portal""}]",not_exposed,not_exposed,not_exposed
Test,fields-test,not_exposed,Microbials Requested (if not part of panel),microbials_selection,additional,not_exposed_without_prohibited_edit_action,optional,not_exposed_without_prohibited_edit_action,exposed_safe,[],not_exposed_without_prohibited_edit_action,not_exposed_without_prohibited_edit_action,not_exposed_without_prohibited_edit_action,not_exposed_without_prohibited_edit_action,not_exposed_without_prohibited_edit_action,not_exposed_without_prohibited_edit_action,not_exposed,not_exposed,ungrouped_or_not_exposed,5,hidden_in_qbench_ui,not_separately_exposed,true,not_exposed,not_exposed,not_exposed,"[{""configured"":true,""field_classification"":""additional"",""target"":""lims""},{""configured"":true,""field_classification"":""additional"",""target"":""portal""}]",not_exposed,not_exposed,not_exposed
Test,fields-test,not_exposed,Estimated Start Date,estimated_start_date,core,not_exposed_without_prohibited_edit_action,optional,not_exposed_without_prohibited_edit_action,exposed_empty,,not_exposed_without_prohibited_edit_action,not_exposed_without_prohibited_edit_action,not_exposed_without_prohibited_edit_action,not_exposed_without_prohibited_edit_action,not_exposed_without_prohibited_edit_action,not_exposed_without_prohibited_edit_action,hidden_on_order_receiving,not_exposed,ungrouped_or_not_exposed,6,visible_in_qbench_ui,not_separately_exposed,true,not_exposed,not_exposed,not_exposed,"[{""configured"":true,""field_classification"":""core"",""target"":""lims""},{""configured"":true,""field_classification"":""core"",""target"":""portal""}]",not_exposed,not_exposed,not_exposed
Test,fields-test,not_exposed,Estimated Complete Date,estimated_complete_date,core,not_exposed_without_prohibited_edit_action,optional,not_exposed_without_prohibited_edit_action,exposed_empty,,not_exposed_without_prohibited_edit_action,not_exposed_without_prohibited_edit_action,not_exposed_without_prohibited_edit_action,not_exposed_without_prohibited_edit_action,not_exposed_without_prohibited_edit_action,not_exposed_without_prohibited_edit_action,hidden_on_order_receiving,not_exposed,ungrouped_or_not_exposed,7,visible_in_qbench_ui,not_separately_exposed,true,not_exposed,not_exposed,not_exposed,"[{""configured"":true,""field_classification"":""core"",""target"":""lims""},{""configured"":true,""field_classification"":""core"",""target"":""portal""}]",not_exposed,not_exposed,not_exposed
Test,fields-test,not_exposed,Complete Date,complete_date,core,not_exposed_without_prohibited_edit_action,optional,not_exposed_without_prohibited_edit_action,exposed_empty,,not_exposed_without_prohibited_edit_action,not_exposed_without_prohibited_edit_action,not_exposed_without_prohibited_edit_action,not_exposed_without_prohibited_edit_action,not_exposed_without_prohibited_edit_action,not_exposed_without_prohibited_edit_action,hidden_on_order_receiving,not_exposed,ungrouped_or_not_exposed,8,visible_in_qbench_ui,not_separately_exposed,true,not_exposed,not_exposed,not_exposed,"[{""configured"":true,""field_classification"":""core"",""target"":""lims""},{""configured"":true,""field_classification"":""core"",""target"":""portal""}]",not_exposed,not_exposed,not_exposed
Test,fields-test,not_exposed,Tags,tags,core,not_exposed_without_prohibited_edit_action,optional,not_exposed_without_prohibited_edit_action,exposed_empty,,not_exposed_without_prohibited_edit_action,not_exposed_without_prohibited_edit_action,not_exposed_without_prohibited_edit_action,not_exposed_without_prohibited_edit_action,not_exposed_without_prohibited_edit_action,not_exposed_without_prohibited_edit_action,hidden_on_order_receiving,not_exposed,ungrouped_or_not_exposed,9,visible_in_qbench_ui,not_separately_exposed,true,not_exposed,not_exposed,not_exposed,"[{""configured"":true,""field_classification"":""core"",""target"":""lims""},{""configured"":true,""field_classification"":""core"",""target"":""portal""}]",not_exposed,not_exposed,not_exposed
Test,fields-test,not_exposed,Results,results,core,not_exposed_without_prohibited_edit_action,optional,not_exposed_without_prohibited_edit_action,exposed_empty,,not_exposed_without_prohibited_edit_action,not_exposed_without_prohibited_edit_action,not_exposed_without_prohibited_edit_action,not_exposed_without_prohibited_edit_action,not_exposed_without_prohibited_edit_action,not_exposed_without_prohibited_edit_action,hidden_on_order_receiving,not_exposed,ungrouped_or_not_exposed,10,visible_in_qbench_ui,not_separately_exposed,true,not_exposed,not_exposed,not_exposed,"[{""configured"":true,""field_classification"":""core"",""target"":""lims""},{""configured"":false,""field_classification"":""core"",""target"":""portal""}]",not_exposed,not_exposed,not_exposed
Test,fields-test,not_exposed,Comments,comments,core,not_exposed_without_prohibited_edit_action,optional,not_exposed_without_prohibited_edit_action,exposed_empty,,not_exposed_without_prohibited_edit_action,not_exposed_without_prohibited_edit_action,not_exposed_without_prohibited_edit_action,not_exposed_without_prohibited_edit_action,not_exposed_without_prohibited_edit_action,not_exposed_without_prohibited_edit_action,shown_on_order_receiving,not_exposed,ungrouped_or_not_exposed,11,visible_in_qbench_ui,not_separately_exposed,true,not_exposed,not_exposed,not_exposed,"[{""configured"":true,""field_classification"":""core"",""target"":""lims""},{""configured"":true,""field_classification"":""core"",""target"":""portal""}]",not_exposed,not_exposed,not_exposed
Test,fields-test,not_exposed,True Mass per Unit,true_mass_per_unit,additional,not_exposed_without_prohibited_edit_action,optional,not_exposed_without_prohibited_edit_action,exposed_empty,,not_exposed_without_prohibited_edit_action,not_exposed_without_prohibited_edit_action,not_exposed_without_prohibited_edit_action,not_exposed_without_prohibited_edit_action,not_exposed_without_prohibited_edit_action,not_exposed_without_prohibited_edit_action,hidden_on_order_receiving,not_exposed,ungrouped_or_not_exposed,13,visible_in_qbench_ui,not_separately_exposed,true,not_exposed,not_exposed,not_exposed,"[{""configured"":true,""field_classification"":""additional"",""target"":""lims""},{""configured"":true,""field_classification"":""additional"",""target"":""portal""}]",not_exposed,not_exposed,not_exposed
Test,fields-test,not_exposed,Worksheet Data,worksheet_data,core,not_exposed_without_prohibited_edit_action,optional,not_exposed_without_prohibited_edit_action,not_exposed,,not_exposed_without_prohibited_edit_action,not_exposed_without_prohibited_edit_action,not_exposed_without_prohibited_edit_action,not_exposed_without_prohibited_edit_action,not_exposed_without_prohibited_edit_action,not_exposed_without_prohibited_edit_action,not_exposed,not_exposed,ungrouped_or_not_exposed,,visible_in_qbench_ui,not_separately_exposed,not_exposed,not_exposed,not_exposed,not_exposed,"[{""configured"":true,""field_classification"":""core"",""target"":""lims""},{""configured"":true,""field_classification"":""core"",""target"":""portal""}]",not_exposed,not_exposed,not_exposed
Source,fields-source,not_exposed,Lab ID,lab_id,not_exposed,not_exposed_without_prohibited_edit_action,optional,not_exposed_without_prohibited_edit_action,exposed_empty,,not_exposed_without_prohibited_edit_action,not_exposed_without_prohibited_edit_action,not_exposed_without_prohibited_edit_action,not_exposed_without_prohibited_edit_action,not_exposed_without_prohibited_edit_action,not_exposed_without_prohibited_edit_action,not_exposed,not_exposed,ungrouped_or_not_exposed,1,visible_in_qbench_ui,not_separately_exposed,true,not_exposed,not_exposed,not_exposed,[],not_exposed,not_exposed,not_exposed
Source,fields-source,not_exposed,Display Name,display_name,not_exposed,not_exposed_without_prohibited_edit_action,required,not_exposed_without_prohibited_edit_action,not_exposed,,not_exposed_without_prohibited_edit_action,not_exposed_without_prohibited_edit_action,not_exposed_without_prohibited_edit_action,not_exposed_without_prohibited_edit_action,not_exposed_without_prohibited_edit_action,not_exposed_without_prohibited_edit_action,not_exposed,not_exposed,ungrouped_or_not_exposed,2,visible_in_qbench_ui,not_separately_exposed,not_exposed,not_exposed,not_exposed,not_exposed,[],not_exposed,not_exposed,not_exposed
Source,fields-source,not_exposed,Identifier,identifier,not_exposed,not_exposed_without_prohibited_edit_action,optional,not_exposed_without_prohibited_edit_action,exposed_empty,,not_exposed_without_prohibited_edit_action,not_exposed_without_prohibited_edit_action,not_exposed_without_prohibited_edit_action,not_exposed_without_prohibited_edit_action,not_exposed_without_prohibited_edit_action,not_exposed_without_prohibited_edit_action,not_exposed,not_exposed,ungrouped_or_not_exposed,3,visible_in_qbench_ui,not_separately_exposed,true,not_exposed,not_exposed,not_exposed,[],not_exposed,not_exposed,not_exposed
Source,fields-source,not_exposed,First Name,first_name,not_exposed,not_exposed_without_prohibited_edit_action,optional,not_exposed_without_prohibited_edit_action,exposed_empty,,not_exposed_without_prohibited_edit_action,not_exposed_without_prohibited_edit_action,not_exposed_without_prohibited_edit_action,not_exposed_without_prohibited_edit_action,not_exposed_without_prohibited_edit_action,not_exposed_without_prohibited_edit_action,not_exposed,not_exposed,ungrouped_or_not_exposed,4,visible_in_qbench_ui,not_separately_exposed,true,not_exposed,not_exposed,not_exposed,[],not_exposed,not_exposed,not_exposed
Source,fields-source,not_exposed,Last Name,last_name,not_exposed,not_exposed_without_prohibited_edit_action,optional,not_exposed_without_prohibited_edit_action,exposed_empty,,not_exposed_without_prohibited_edit_action,not_exposed_without_prohibited_edit_action,not_exposed_without_prohibited_edit_action,not_exposed_without_prohibited_edit_action,not_exposed_without_prohibited_edit_action,not_exposed_without_prohibited_edit_action,not_exposed,not_exposed,ungrouped_or_not_exposed,5,visible_in_qbench_ui,not_separately_exposed,true,not_exposed,not_exposed,not_exposed,[],not_exposed,not_exposed,not_exposed
Source,fields-source,not_exposed,Date of Birth,date_of_birth,not_exposed,not_exposed_without_prohibited_edit_action,optional,not_exposed_without_prohibited_edit_action,exposed_empty,,not_exposed_without_prohibited_edit_action,not_exposed_without_prohibited_edit_action,not_exposed_without_prohibited_edit_action,not_exposed_without_prohibited_edit_action,not_exposed_without_prohibited_edit_action,not_exposed_without_prohibited_edit_action,not_exposed,not_exposed,ungrouped_or_not_exposed,6,visible_in_qbench_ui,not_separately_exposed,true,not_exposed,not_exposed,not_exposed,[],not_exposed,not_exposed,not_exposed
Source,fields-source,not_exposed,Description,description,not_exposed,not_exposed_without_prohibited_edit_action,optional,not_exposed_without_prohibited_edit_action,exposed_empty,,not_exposed_without_prohibited_edit_action,not_exposed_without_prohibited_edit_action,not_exposed_without_prohibited_edit_action,not_exposed_without_prohibited_edit_action,not_exposed_without_prohibited_edit_action,not_exposed_without_prohibited_edit_action,not_exposed,not_exposed,ungrouped_or_not_exposed,7,visible_in_qbench_ui,not_separately_exposed,true,not_exposed,not_exposed,not_exposed,[],not_exposed,not_exposed,not_exposed
Source,fields-source,not_exposed,Longitude,longitude,not_exposed,not_exposed_without_prohibited_edit_action,optional,not_exposed_without_prohibited_edit_action,exposed_empty,,not_exposed_without_prohibited_edit_action,not_exposed_without_prohibited_edit_action,not_exposed_without_prohibited_edit_action,not_exposed_without_prohibited_edit_action,not_exposed_without_prohibited_edit_action,not_exposed_without_prohibited_edit_action,not_exposed,not_exposed,ungrouped_or_not_exposed,8,visible_in_qbench_ui,not_separately_exposed,true,not_exposed,not_exposed,not_exposed,[],not_exposed,not_exposed,not_exposed
Source,fields-source,not_exposed,Latitude,latitude,not_exposed,not_exposed_without_prohibited_edit_action,optional,not_exposed_without_prohibited_edit_action,exposed_empty,,not_exposed_without_prohibited_edit_action,not_exposed_without_prohibited_edit_action,not_exposed_without_prohibited_edit_action,not_exposed_without_prohibited_edit_action,not_exposed_without_prohibited_edit_action,not_exposed_without_prohibited_edit_action,not_exposed,not_exposed,ungrouped_or_not_exposed,9,visible_in_qbench_ui,not_separately_exposed,true,not_exposed,not_exposed,not_exposed,[],not_exposed,not_exposed,not_exposed
Source,fields-source,not_exposed,Tags,tags,not_exposed,not_exposed_without_prohibited_edit_action,optional,not_exposed_without_prohibited_edit_action,exposed_empty,,not_exposed_without_prohibited_edit_action,not_exposed_without_prohibited_edit_action,not_exposed_without_prohibited_edit_action,not_exposed_without_prohibited_edit_action,not_exposed_without_prohibited_edit_action,not_exposed_without_prohibited_edit_action,not_exposed,not_exposed,ungrouped_or_not_exposed,10,visible_in_qbench_ui,not_separately_exposed,true,not_exposed,not_exposed,not_exposed,[],not_exposed,not_exposed,not_exposed
Batch,fields-batch,not_exposed,Batch Name,display_name,not_exposed,not_exposed_without_prohibited_edit_action,optional,not_exposed_without_prohibited_edit_action,exposed_empty,,not_exposed_without_prohibited_edit_action,not_exposed_without_prohibited_edit_action,not_exposed_without_prohibited_edit_action,not_exposed_without_prohibited_edit_action,not_exposed_without_prohibited_edit_action,not_exposed_without_prohibited_edit_action,not_exposed,not_exposed,ungrouped_or_not_exposed,1,visible_in_qbench_ui,not_separately_exposed,true,not_exposed,not_exposed,not_exposed,[],not_exposed,not_exposed,not_exposed
Batch,fields-batch,not_exposed,Date Created,date_created,not_exposed,not_exposed_without_prohibited_edit_action,optional,not_exposed_without_prohibited_edit_action,exposed_empty,,not_exposed_without_prohibited_edit_action,not_exposed_without_prohibited_edit_action,not_exposed_without_prohibited_edit_action,not_exposed_without_prohibited_edit_action,not_exposed_without_prohibited_edit_action,not_exposed_without_prohibited_edit_action,not_exposed,not_exposed,ungrouped_or_not_exposed,2,visible_in_qbench_ui,not_separately_exposed,true,not_exposed,not_exposed,not_exposed,[],not_exposed,not_exposed,not_exposed
Batch,fields-batch,not_exposed,Assay,assay,not_exposed,not_exposed_without_prohibited_edit_action,optional,not_exposed_without_prohibited_edit_action,exposed_empty,,not_exposed_without_prohibited_edit_action,not_exposed_without_prohibited_edit_action,not_exposed_without_prohibited_edit_action,not_exposed_without_prohibited_edit_action,not_exposed_without_prohibited_edit_action,not_exposed_without_prohibited_edit_action,not_exposed,not_exposed,ungrouped_or_not_exposed,3,visible_in_qbench_ui,not_separately_exposed,true,not_exposed,not_exposed,not_exposed,[],not_exposed,not_exposed,not_exposed
Batch,fields-batch,not_exposed,Tags,tags,not_exposed,not_exposed_without_prohibited_edit_action,optional,not_exposed_without_prohibited_edit_action,exposed_empty,,not_exposed_without_prohibited_edit_action,not_exposed_without_prohibited_edit_action,not_exposed_without_prohibited_edit_action,not_exposed_without_prohibited_edit_action,not_exposed_without_prohibited_edit_action,not_exposed_without_prohibited_edit_action,not_exposed,not_exposed,ungrouped_or_not_exposed,4,visible_in_qbench_ui,not_separately_exposed,true,not_exposed,not_exposed,not_exposed,[],not_exposed,not_exposed,not_exposed
Batch,fields-batch,not_exposed,Worksheet,worksheet,not_exposed,not_exposed_without_prohibited_edit_action,optional,not_exposed_without_prohibited_edit_action,exposed_empty,,not_exposed_without_prohibited_edit_action,not_exposed_without_prohibited_edit_action,not_exposed_without_prohibited_edit_action,not_exposed_without_prohibited_edit_action,not_exposed_without_prohibited_edit_action,not_exposed_without_prohibited_edit_action,not_exposed,not_exposed,ungrouped_or_not_exposed,5,visible_in_qbench_ui,not_separately_exposed,true,not_exposed,not_exposed,not_exposed,[],not_exposed,not_exposed,not_exposed
Batch,fields-batch,not_exposed,Protocol,protocol,not_exposed,not_exposed_without_prohibited_edit_action,optional,not_exposed_without_prohibited_edit_action,exposed_empty,,not_exposed_without_prohibited_edit_action,not_exposed_without_prohibited_edit_action,not_exposed_without_prohibited_edit_action,not_exposed_without_prohibited_edit_action,not_exposed_without_prohibited_edit_action,not_exposed_without_prohibited_edit_action,not_exposed,not_exposed,ungrouped_or_not_exposed,6,visible_in_qbench_ui,not_separately_exposed,true,not_exposed,not_exposed,not_exposed,[],not_exposed,not_exposed,not_exposed
Batch,fields-batch,not_exposed,Child Batches,child_batches,not_exposed,not_exposed_without_prohibited_edit_action,optional,not_exposed_without_prohibited_edit_action,not_exposed,,not_exposed_without_prohibited_edit_action,not_exposed_without_prohibited_edit_action,not_exposed_without_prohibited_edit_action,not_exposed_without_prohibited_edit_action,not_exposed_without_prohibited_edit_action,not_exposed_without_prohibited_edit_action,not_exposed,not_exposed,ungrouped_or_not_exposed,,visible_in_qbench_ui,not_separately_exposed,not_exposed,not_exposed,not_exposed,not_exposed,[],not_exposed,not_exposed,not_exposed
Batch,fields-batch,not_exposed,Samples,samples,not_exposed,not_exposed_without_prohibited_edit_action,optional,not_exposed_without_prohibited_edit_action,not_exposed,,not_exposed_without_prohibited_edit_action,not_exposed_without_prohibited_edit_action,not_exposed_without_prohibited_edit_action,not_exposed_without_prohibited_edit_action,not_exposed_without_prohibited_edit_action,not_exposed_without_prohibited_edit_action,not_exposed,not_exposed,ungrouped_or_not_exposed,,visible_in_qbench_ui,not_separately_exposed,not_exposed,not_exposed,not_exposed,not_exposed,[],not_exposed,not_exposed,not_exposed
Batch,fields-batch,not_exposed,Tests,tests,not_exposed,not_exposed_without_prohibited_edit_action,optional,not_exposed_without_prohibited_edit_action,not_exposed,,not_exposed_without_prohibited_edit_action,not_exposed_without_prohibited_edit_action,not_exposed_without_prohibited_edit_action,not_exposed_without_prohibited_edit_action,not_exposed_without_prohibited_edit_action,not_exposed_without_prohibited_edit_action,not_exposed,not_exposed,ungrouped_or_not_exposed,,visible_in_qbench_ui,not_separately_exposed,not_exposed,not_exposed,not_exposed,not_exposed,[],not_exposed,not_exposed,not_exposed
Batch,fields-batch,not_exposed,Platemap,platemap,not_exposed,not_exposed_without_prohibited_edit_action,optional,not_exposed_without_prohibited_edit_action,not_exposed,,not_exposed_without_prohibited_edit_action,not_exposed_without_prohibited_edit_action,not_exposed_without_prohibited_edit_action,not_exposed_without_prohibited_edit_action,not_exposed_without_prohibited_edit_action,not_exposed_without_prohibited_edit_action,not_exposed,not_exposed,ungrouped_or_not_exposed,,visible_in_qbench_ui,not_separately_exposed,not_exposed,not_exposed,not_exposed,not_exposed,[],not_exposed,not_exposed,not_exposed
Batch,fields-batch,not_exposed,Worksheet Data,worksheet_data,not_exposed,not_exposed_without_prohibited_edit_action,optional,not_exposed_without_prohibited_edit_action,not_exposed,,not_exposed_without_prohibited_edit_action,not_exposed_without_prohibited_edit_action,not_exposed_without_prohibited_edit_action,not_exposed_without_prohibited_edit_action,not_exposed_without_prohibited_edit_action,not_exposed_without_prohibited_edit_action,not_exposed,not_exposed,ungrouped_or_not_exposed,,visible_in_qbench_ui,not_separately_exposed,not_exposed,not_exposed,not_exposed,not_exposed,[],not_exposed,not_exposed,not_exposed
Batch,fields-batch,not_exposed,Inventory Stock,inventory_stock,not_exposed,not_exposed_without_prohibited_edit_action,optional,not_exposed_without_prohibited_edit_action,not_exposed,,not_exposed_without_prohibited_edit_action,not_exposed_without_prohibited_edit_action,not_exposed_without_prohibited_edit_action,not_exposed_without_prohibited_edit_action,not_exposed_without_prohibited_edit_action,not_exposed_without_prohibited_edit_action,not_exposed,not_exposed,ungrouped_or_not_exposed,,visible_in_qbench_ui,not_separately_exposed,not_exposed,not_exposed,not_exposed,not_exposed,[],not_exposed,not_exposed,not_exposed
Control,fields-control,not_exposed,Name,name,not_exposed,not_exposed_without_prohibited_edit_action,optional,not_exposed_without_prohibited_edit_action,not_exposed,,not_exposed_without_prohibited_edit_action,not_exposed_without_prohibited_edit_action,not_exposed_without_prohibited_edit_action,not_exposed_without_prohibited_edit_action,not_exposed_without_prohibited_edit_action,not_exposed_without_prohibited_edit_action,not_exposed,not_exposed,ungrouped_or_not_exposed,1,visible_in_qbench_ui,not_separately_exposed,not_exposed,not_exposed,not_exposed,not_exposed,[],not_exposed,not_exposed,not_exposed
Control,fields-control,not_exposed,In Use Date,in_use_date,not_exposed,not_exposed_without_prohibited_edit_action,optional,not_exposed_without_prohibited_edit_action,not_exposed,,not_exposed_without_prohibited_edit_action,not_exposed_without_prohibited_edit_action,not_exposed_without_prohibited_edit_action,not_exposed_without_prohibited_edit_action,not_exposed_without_prohibited_edit_action,not_exposed_without_prohibited_edit_action,not_exposed,not_exposed,ungrouped_or_not_exposed,2,visible_in_qbench_ui,not_separately_exposed,not_exposed,not_exposed,not_exposed,not_exposed,[],not_exposed,not_exposed,not_exposed
Control,fields-control,not_exposed,Retired Date,retired_date,not_exposed,not_exposed_without_prohibited_edit_action,optional,not_exposed_without_prohibited_edit_action,not_exposed,,not_exposed_without_prohibited_edit_action,not_exposed_without_prohibited_edit_action,not_exposed_without_prohibited_edit_action,not_exposed_without_prohibited_edit_action,not_exposed_without_prohibited_edit_action,not_exposed_without_prohibited_edit_action,not_exposed,not_exposed,ungrouped_or_not_exposed,3,visible_in_qbench_ui,not_separately_exposed,not_exposed,not_exposed,not_exposed,not_exposed,[],not_exposed,not_exposed,not_exposed
Control,fields-control,not_exposed,Description,description,not_exposed,not_exposed_without_prohibited_edit_action,optional,not_exposed_without_prohibited_edit_action,not_exposed,,not_exposed_without_prohibited_edit_action,not_exposed_without_prohibited_edit_action,not_exposed_without_prohibited_edit_action,not_exposed_without_prohibited_edit_action,not_exposed_without_prohibited_edit_action,not_exposed_without_prohibited_edit_action,not_exposed,not_exposed,ungrouped_or_not_exposed,4,visible_in_qbench_ui,not_separately_exposed,not_exposed,not_exposed,not_exposed,not_exposed,[],not_exposed,not_exposed,not_exposed
User,fields-user,not_exposed,First Name,first_name,not_exposed,not_exposed_without_prohibited_edit_action,optional,not_exposed_without_prohibited_edit_action,not_exposed,,not_exposed_without_prohibited_edit_action,not_exposed_without_prohibited_edit_action,not_exposed_without_prohibited_edit_action,not_exposed_without_prohibited_edit_action,not_exposed_without_prohibited_edit_action,not_exposed_without_prohibited_edit_action,not_exposed,not_exposed,ungrouped_or_not_exposed,1,visible_in_qbench_ui,not_separately_exposed,not_exposed,not_exposed,not_exposed,not_exposed,[],not_exposed,not_exposed,not_exposed
User,fields-user,not_exposed,Last Name,last_name,not_exposed,not_exposed_without_prohibited_edit_action,optional,not_exposed_without_prohibited_edit_action,not_exposed,,not_exposed_without_prohibited_edit_action,not_exposed_without_prohibited_edit_action,not_exposed_without_prohibited_edit_action,not_exposed_without_prohibited_edit_action,not_exposed_without_prohibited_edit_action,not_exposed_without_prohibited_edit_action,not_exposed,not_exposed,ungrouped_or_not_exposed,2,visible_in_qbench_ui,not_separately_exposed,not_exposed,not_exposed,not_exposed,not_exposed,[],not_exposed,not_exposed,not_exposed
User,fields-user,not_exposed,Email,email,not_exposed,not_exposed_without_prohibited_edit_action,optional,not_exposed_without_prohibited_edit_action,not_exposed,,not_exposed_without_prohibited_edit_action,not_exposed_without_prohibited_edit_action,not_exposed_without_prohibited_edit_action,not_exposed_without_prohibited_edit_action,not_exposed_without_prohibited_edit_action,not_exposed_without_prohibited_edit_action,not_exposed,not_exposed,ungrouped_or_not_exposed,3,visible_in_qbench_ui,not_separately_exposed,not_exposed,not_exposed,not_exposed,not_exposed,[],not_exposed,not_exposed,not_exposed
User,fields-user,not_exposed,Phone,phone,not_exposed,not_exposed_without_prohibited_edit_action,optional,not_exposed_without_prohibited_edit_action,not_exposed,,not_exposed_without_prohibited_edit_action,not_exposed_without_prohibited_edit_action,not_exposed_without_prohibited_edit_action,not_exposed_without_prohibited_edit_action,not_exposed_without_prohibited_edit_action,not_exposed_without_prohibited_edit_action,not_exposed,not_exposed,ungrouped_or_not_exposed,4,visible_in_qbench_ui,not_separately_exposed,not_exposed,not_exposed,not_exposed,not_exposed,[],not_exposed,not_exposed,not_exposed
User,fields-user,not_exposed,Title,title,not_exposed,not_exposed_without_prohibited_edit_action,optional,not_exposed_without_prohibited_edit_action,not_exposed,,not_exposed_without_prohibited_edit_action,not_exposed_without_prohibited_edit_action,not_exposed_without_prohibited_edit_action,not_exposed_without_prohibited_edit_action,not_exposed_without_prohibited_edit_action,not_exposed_without_prohibited_edit_action,not_exposed,not_exposed,ungrouped_or_not_exposed,5,visible_in_qbench_ui,not_separately_exposed,not_exposed,not_exposed,not_exposed,not_exposed,[],not_exposed,not_exposed,not_exposed
Assay,fields-assay,not_exposed,Title,title,not_exposed,not_exposed_without_prohibited_edit_action,optional,not_exposed_without_prohibited_edit_action,not_exposed,,not_exposed_without_prohibited_edit_action,not_exposed_without_prohibited_edit_action,not_exposed_without_prohibited_edit_action,not_exposed_without_prohibited_edit_action,not_exposed_without_prohibited_edit_action,not_exposed_without_prohibited_edit_action,hidden_on_order_receiving,not_exposed,ungrouped_or_not_exposed,1,visible_in_qbench_ui,not_separately_exposed,not_exposed,not_exposed,not_exposed,not_exposed,[],not_exposed,not_exposed,not_exposed
Assay,fields-assay,not_exposed,Assay Abbreviation,assay_abbreviation,not_exposed,not_exposed_without_prohibited_edit_action,optional,not_exposed_without_prohibited_edit_action,exposed_empty,,not_exposed_without_prohibited_edit_action,not_exposed_without_prohibited_edit_action,not_exposed_without_prohibited_edit_action,not_exposed_without_prohibited_edit_action,not_exposed_without_prohibited_edit_action,not_exposed_without_prohibited_edit_action,hidden_on_order_receiving,not_exposed,ungrouped_or_not_exposed,2,visible_in_qbench_ui,not_separately_exposed,true,not_exposed,not_exposed,not_exposed,[],not_exposed,not_exposed,not_exposed
Assay,fields-assay,not_exposed,Method,method,not_exposed,not_exposed_without_prohibited_edit_action,optional,not_exposed_without_prohibited_edit_action,not_exposed,,not_exposed_without_prohibited_edit_action,not_exposed_without_prohibited_edit_action,not_exposed_without_prohibited_edit_action,not_exposed_without_prohibited_edit_action,not_exposed_without_prohibited_edit_action,not_exposed_without_prohibited_edit_action,hidden_on_order_receiving,not_exposed,ungrouped_or_not_exposed,3,visible_in_qbench_ui,not_separately_exposed,not_exposed,not_exposed,not_exposed,not_exposed,[],not_exposed,not_exposed,not_exposed
Assay,fields-assay,not_exposed,Category,category,not_exposed,not_exposed_without_prohibited_edit_action,optional,not_exposed_without_prohibited_edit_action,not_exposed,,not_exposed_without_prohibited_edit_action,not_exposed_without_prohibited_edit_action,not_exposed_without_prohibited_edit_action,not_exposed_without_prohibited_edit_action,not_exposed_without_prohibited_edit_action,not_exposed_without_prohibited_edit_action,hidden_on_order_receiving,not_exposed,ungrouped_or_not_exposed,4,visible_in_qbench_ui,not_separately_exposed,not_exposed,not_exposed,not_exposed,not_exposed,[],not_exposed,not_exposed,not_exposed
Assay,fields-assay,not_exposed,Default Technician,default_technician,not_exposed,not_exposed_without_prohibited_edit_action,optional,not_exposed_without_prohibited_edit_action,not_exposed,,not_exposed_without_prohibited_edit_action,not_exposed_without_prohibited_edit_action,not_exposed_without_prohibited_edit_action,not_exposed_without_prohibited_edit_action,not_exposed_without_prohibited_edit_action,not_exposed_without_prohibited_edit_action,hidden_on_order_receiving,not_exposed,ungrouped_or_not_exposed,5,visible_in_qbench_ui,not_separately_exposed,not_exposed,not_exposed,not_exposed,not_exposed,[],not_exposed,not_exposed,not_exposed
Assay,fields-assay,not_exposed,Team,team,not_exposed,not_exposed_without_prohibited_edit_action,optional,not_exposed_without_prohibited_edit_action,not_exposed,,not_exposed_without_prohibited_edit_action,not_exposed_without_prohibited_edit_action,not_exposed_without_prohibited_edit_action,not_exposed_without_prohibited_edit_action,not_exposed_without_prohibited_edit_action,not_exposed_without_prohibited_edit_action,hidden_on_order_receiving,not_exposed,ungrouped_or_not_exposed,6,visible_in_qbench_ui,not_separately_exposed,not_exposed,not_exposed,not_exposed,not_exposed,[],not_exposed,not_exposed,not_exposed
Assay,fields-assay,not_exposed,Tags,tags,not_exposed,not_exposed_without_prohibited_edit_action,optional,not_exposed_without_prohibited_edit_action,not_exposed,,not_exposed_without_prohibited_edit_action,not_exposed_without_prohibited_edit_action,not_exposed_without_prohibited_edit_action,not_exposed_without_prohibited_edit_action,not_exposed_without_prohibited_edit_action,not_exposed_without_prohibited_edit_action,hidden_on_order_receiving,not_exposed,ungrouped_or_not_exposed,7,visible_in_qbench_ui,not_separately_exposed,not_exposed,not_exposed,not_exposed,not_exposed,[],not_exposed,not_exposed,not_exposed
Assay,fields-assay,not_exposed,Sort Order,sort_order,not_exposed,not_exposed_without_prohibited_edit_action,optional,not_exposed_without_prohibited_edit_action,not_exposed,,not_exposed_without_prohibited_edit_action,not_exposed_without_prohibited_edit_action,not_exposed_without_prohibited_edit_action,not_exposed_without_prohibited_edit_action,not_exposed_without_prohibited_edit_action,not_exposed_without_prohibited_edit_action,hidden_on_order_receiving,not_exposed,ungrouped_or_not_exposed,8,visible_in_qbench_ui,not_separately_exposed,not_exposed,not_exposed,not_exposed,not_exposed,[],not_exposed,not_exposed,not_exposed
Assay,fields-assay,not_exposed,Units,units,not_exposed,not_exposed_without_prohibited_edit_action,optional,not_exposed_without_prohibited_edit_action,not_exposed,,not_exposed_without_prohibited_edit_action,not_exposed_without_prohibited_edit_action,not_exposed_without_prohibited_edit_action,not_exposed_without_prohibited_edit_action,not_exposed_without_prohibited_edit_action,not_exposed_without_prohibited_edit_action,not_exposed,not_exposed,ungrouped_or_not_exposed,9,hidden_in_qbench_ui,not_separately_exposed,not_exposed,not_exposed,not_exposed,not_exposed,[],not_exposed,not_exposed,not_exposed
Assay,fields-assay,not_exposed,Reporting Limit,reporting_limit,not_exposed,not_exposed_without_prohibited_edit_action,optional,not_exposed_without_prohibited_edit_action,not_exposed,,not_exposed_without_prohibited_edit_action,not_exposed_without_prohibited_edit_action,not_exposed_without_prohibited_edit_action,not_exposed_without_prohibited_edit_action,not_exposed_without_prohibited_edit_action,not_exposed_without_prohibited_edit_action,not_exposed,not_exposed,ungrouped_or_not_exposed,10,hidden_in_qbench_ui,not_separately_exposed,not_exposed,not_exposed,not_exposed,not_exposed,[],not_exposed,not_exposed,not_exposed
Assay,fields-assay,not_exposed,Spike Level,spike_level,not_exposed,not_exposed_without_prohibited_edit_action,optional,not_exposed_without_prohibited_edit_action,not_exposed,,not_exposed_without_prohibited_edit_action,not_exposed_without_prohibited_edit_action,not_exposed_without_prohibited_edit_action,not_exposed_without_prohibited_edit_action,not_exposed_without_prohibited_edit_action,not_exposed_without_prohibited_edit_action,not_exposed,not_exposed,ungrouped_or_not_exposed,11,hidden_in_qbench_ui,not_separately_exposed,not_exposed,not_exposed,not_exposed,not_exposed,[],not_exposed,not_exposed,not_exposed
Assay,fields-assay,not_exposed,Percent Recovery Lower Limit,percent_recovery_lower_limit,not_exposed,not_exposed_without_prohibited_edit_action,optional,not_exposed_without_prohibited_edit_action,not_exposed,,not_exposed_without_prohibited_edit_action,not_exposed_without_prohibited_edit_action,not_exposed_without_prohibited_edit_action,not_exposed_without_prohibited_edit_action,not_exposed_without_prohibited_edit_action,not_exposed_without_prohibited_edit_action,not_exposed,not_exposed,ungrouped_or_not_exposed,12,hidden_in_qbench_ui,not_separately_exposed,not_exposed,not_exposed,not_exposed,not_exposed,[],not_exposed,not_exposed,not_exposed
Assay,fields-assay,not_exposed,Percent Recovery Upper Limit,percent_recovery_upper_limit,not_exposed,not_exposed_without_prohibited_edit_action,optional,not_exposed_without_prohibited_edit_action,not_exposed,,not_exposed_without_prohibited_edit_action,not_exposed_without_prohibited_edit_action,not_exposed_without_prohibited_edit_action,not_exposed_without_prohibited_edit_action,not_exposed_without_prohibited_edit_action,not_exposed_without_prohibited_edit_action,not_exposed,not_exposed,ungrouped_or_not_exposed,13,hidden_in_qbench_ui,not_separately_exposed,not_exposed,not_exposed,not_exposed,not_exposed,[],not_exposed,not_exposed,not_exposed
Assay,fields-assay,not_exposed,Relative Percent Difference Limit,relative_percent_difference_limit,not_exposed,not_exposed_without_prohibited_edit_action,optional,not_exposed_without_prohibited_edit_action,not_exposed,,not_exposed_without_prohibited_edit_action,not_exposed_without_prohibited_edit_action,not_exposed_without_prohibited_edit_action,not_exposed_without_prohibited_edit_action,not_exposed_without_prohibited_edit_action,not_exposed_without_prohibited_edit_action,not_exposed,not_exposed,ungrouped_or_not_exposed,14,hidden_in_qbench_ui,not_separately_exposed,not_exposed,not_exposed,not_exposed,not_exposed,[],not_exposed,not_exposed,not_exposed
Assay,fields-assay,not_exposed,Test Worksheet,worksheet,not_exposed,not_exposed_without_prohibited_edit_action,optional,not_exposed_without_prohibited_edit_action,not_exposed,,not_exposed_without_prohibited_edit_action,not_exposed_without_prohibited_edit_action,not_exposed_without_prohibited_edit_action,not_exposed_without_prohibited_edit_action,not_exposed_without_prohibited_edit_action,not_exposed_without_prohibited_edit_action,hidden_on_order_receiving,not_exposed,ungrouped_or_not_exposed,15,visible_in_qbench_ui,not_separately_exposed,not_exposed,not_exposed,not_exposed,not_exposed,[],not_exposed,not_exposed,not_exposed
Assay,fields-assay,not_exposed,Test Protocol,protocol,not_exposed,not_exposed_without_prohibited_edit_action,optional,not_exposed_without_prohibited_edit_action,not_exposed,,not_exposed_without_prohibited_edit_action,not_exposed_without_prohibited_edit_action,not_exposed_without_prohibited_edit_action,not_exposed_without_prohibited_edit_action,not_exposed_without_prohibited_edit_action,not_exposed_without_prohibited_edit_action,hidden_on_order_receiving,not_exposed,ungrouped_or_not_exposed,16,visible_in_qbench_ui,not_separately_exposed,not_exposed,not_exposed,not_exposed,not_exposed,[],not_exposed,not_exposed,not_exposed
Assay,fields-assay,not_exposed,Duration,duration,not_exposed,not_exposed_without_prohibited_edit_action,optional,not_exposed_without_prohibited_edit_action,not_exposed,,not_exposed_without_prohibited_edit_action,not_exposed_without_prohibited_edit_action,not_exposed_without_prohibited_edit_action,not_exposed_without_prohibited_edit_action,not_exposed_without_prohibited_edit_action,not_exposed_without_prohibited_edit_action,shown_on_order_receiving,not_exposed,ungrouped_or_not_exposed,17,visible_in_qbench_ui,not_separately_exposed,not_exposed,not_exposed,not_exposed,not_exposed,[],not_exposed,not_exposed,not_exposed
Assay,fields-assay,not_exposed,Method Detection Limit,method_detection_limit,not_exposed,not_exposed_without_prohibited_edit_action,optional,not_exposed_without_prohibited_edit_action,not_exposed,,not_exposed_without_prohibited_edit_action,not_exposed_without_prohibited_edit_action,not_exposed_without_prohibited_edit_action,not_exposed_without_prohibited_edit_action,not_exposed_without_prohibited_edit_action,not_exposed_without_prohibited_edit_action,not_exposed,not_exposed,ungrouped_or_not_exposed,18,hidden_in_qbench_ui,not_separately_exposed,not_exposed,not_exposed,not_exposed,not_exposed,[],not_exposed,not_exposed,not_exposed
Assay,fields-assay,not_exposed,Date Created,date_created,not_exposed,not_exposed_without_prohibited_edit_action,optional,not_exposed_without_prohibited_edit_action,not_exposed,,not_exposed_without_prohibited_edit_action,not_exposed_without_prohibited_edit_action,not_exposed_without_prohibited_edit_action,not_exposed_without_prohibited_edit_action,not_exposed_without_prohibited_edit_action,not_exposed_without_prohibited_edit_action,not_exposed,not_exposed,ungrouped_or_not_exposed,19,hidden_in_qbench_ui,not_separately_exposed,not_exposed,not_exposed,not_exposed,not_exposed,[],not_exposed,not_exposed,not_exposed
Assay,fields-assay,not_exposed,Description,description,not_exposed,not_exposed_without_prohibited_edit_action,optional,not_exposed_without_prohibited_edit_action,not_exposed,,not_exposed_without_prohibited_edit_action,not_exposed_without_prohibited_edit_action,not_exposed_without_prohibited_edit_action,not_exposed_without_prohibited_edit_action,not_exposed_without_prohibited_edit_action,not_exposed_without_prohibited_edit_action,not_exposed,not_exposed,ungrouped_or_not_exposed,20,hidden_in_qbench_ui,not_separately_exposed,not_exposed,not_exposed,not_exposed,not_exposed,[],not_exposed,not_exposed,not_exposed
Assay,fields-assay,not_exposed,Document,document,not_exposed,not_exposed_without_prohibited_edit_action,optional,not_exposed_without_prohibited_edit_action,not_exposed,,not_exposed_without_prohibited_edit_action,not_exposed_without_prohibited_edit_action,not_exposed_without_prohibited_edit_action,not_exposed_without_prohibited_edit_action,not_exposed_without_prohibited_edit_action,not_exposed_without_prohibited_edit_action,not_exposed,not_exposed,ungrouped_or_not_exposed,21,hidden_in_qbench_ui,not_separately_exposed,not_exposed,not_exposed,not_exposed,not_exposed,[],not_exposed,not_exposed,not_exposed
Assay,fields-assay,not_exposed,Test Resource Group,inventory_template,not_exposed,not_exposed_without_prohibited_edit_action,optional,not_exposed_without_prohibited_edit_action,not_exposed,,not_exposed_without_prohibited_edit_action,not_exposed_without_prohibited_edit_action,not_exposed_without_prohibited_edit_action,not_exposed_without_prohibited_edit_action,not_exposed_without_prohibited_edit_action,not_exposed_without_prohibited_edit_action,hidden_on_order_receiving,not_exposed,ungrouped_or_not_exposed,22,visible_in_qbench_ui,not_separately_exposed,not_exposed,not_exposed,not_exposed,not_exposed,[],not_exposed,not_exposed,not_exposed
Assay,fields-assay,not_exposed,Batch Control Group,batch_control_group,not_exposed,not_exposed_without_prohibited_edit_action,optional,not_exposed_without_prohibited_edit_action,not_exposed,,not_exposed_without_prohibited_edit_action,not_exposed_without_prohibited_edit_action,not_exposed_without_prohibited_edit_action,not_exposed_without_prohibited_edit_action,not_exposed_without_prohibited_edit_action,not_exposed_without_prohibited_edit_action,hidden_on_order_receiving,not_exposed,ungrouped_or_not_exposed,23,visible_in_qbench_ui,not_separately_exposed,not_exposed,not_exposed,not_exposed,not_exposed,[],not_exposed,not_exposed,not_exposed
Assay,fields-assay,not_exposed,Batch Worksheet,batch_worksheet,not_exposed,not_exposed_without_prohibited_edit_action,optional,not_exposed_without_prohibited_edit_action,not_exposed,,not_exposed_without_prohibited_edit_action,not_exposed_without_prohibited_edit_action,not_exposed_without_prohibited_edit_action,not_exposed_without_prohibited_edit_action,not_exposed_without_prohibited_edit_action,not_exposed_without_prohibited_edit_action,hidden_on_order_receiving,not_exposed,ungrouped_or_not_exposed,24,visible_in_qbench_ui,not_separately_exposed,not_exposed,not_exposed,not_exposed,not_exposed,[],not_exposed,not_exposed,not_exposed
Assay,fields-assay,not_exposed,Batch Protocol,batch_protocol,not_exposed,not_exposed_without_prohibited_edit_action,optional,not_exposed_without_prohibited_edit_action,not_exposed,,not_exposed_without_prohibited_edit_action,not_exposed_without_prohibited_edit_action,not_exposed_without_prohibited_edit_action,not_exposed_without_prohibited_edit_action,not_exposed_without_prohibited_edit_action,not_exposed_without_prohibited_edit_action,hidden_on_order_receiving,not_exposed,ungrouped_or_not_exposed,25,visible_in_qbench_ui,not_separately_exposed,not_exposed,not_exposed,not_exposed,not_exposed,[],not_exposed,not_exposed,not_exposed
Assay,fields-assay,not_exposed,Batch Resource Group,batch_inventory_template,not_exposed,not_exposed_without_prohibited_edit_action,optional,not_exposed_without_prohibited_edit_action,not_exposed,,not_exposed_without_prohibited_edit_action,not_exposed_without_prohibited_edit_action,not_exposed_without_prohibited_edit_action,not_exposed_without_prohibited_edit_action,not_exposed_without_prohibited_edit_action,not_exposed_without_prohibited_edit_action,hidden_on_order_receiving,not_exposed,ungrouped_or_not_exposed,26,visible_in_qbench_ui,not_separately_exposed,not_exposed,not_exposed,not_exposed,not_exposed,[],not_exposed,not_exposed,not_exposed
Assay,fields-assay,not_exposed,Equations for CoA,coa_equations,not_exposed,not_exposed_without_prohibited_edit_action,optional,not_exposed_without_prohibited_edit_action,exposed_empty,,not_exposed_without_prohibited_edit_action,not_exposed_without_prohibited_edit_action,not_exposed_without_prohibited_edit_action,not_exposed_without_prohibited_edit_action,not_exposed_without_prohibited_edit_action,not_exposed_without_prohibited_edit_action,hidden_on_order_receiving,not_exposed,ungrouped_or_not_exposed,27,visible_in_qbench_ui,not_separately_exposed,true,not_exposed,not_exposed,not_exposed,[],not_exposed,not_exposed,not_exposed
Panel,fields-panel,not_exposed,Title,title,not_exposed,not_exposed_without_prohibited_edit_action,optional,not_exposed_without_prohibited_edit_action,exposed_empty,,not_exposed_without_prohibited_edit_action,not_exposed_without_prohibited_edit_action,not_exposed_without_prohibited_edit_action,not_exposed_without_prohibited_edit_action,not_exposed_without_prohibited_edit_action,not_exposed_without_prohibited_edit_action,not_exposed,not_exposed,ungrouped_or_not_exposed,1,visible_in_qbench_ui,not_separately_exposed,true,not_exposed,not_exposed,not_exposed,[],not_exposed,not_exposed,not_exposed
Panel,fields-panel,not_exposed,Description,description,not_exposed,not_exposed_without_prohibited_edit_action,optional,not_exposed_without_prohibited_edit_action,exposed_empty,,not_exposed_without_prohibited_edit_action,not_exposed_without_prohibited_edit_action,not_exposed_without_prohibited_edit_action,not_exposed_without_prohibited_edit_action,not_exposed_without_prohibited_edit_action,not_exposed_without_prohibited_edit_action,not_exposed,not_exposed,ungrouped_or_not_exposed,2,visible_in_qbench_ui,not_separately_exposed,true,not_exposed,not_exposed,not_exposed,[],not_exposed,not_exposed,not_exposed
Customer,fields-customer,not_exposed,Name,name,not_exposed,not_exposed_without_prohibited_edit_action,required,not_exposed_without_prohibited_edit_action,exposed_empty,,not_exposed_without_prohibited_edit_action,not_exposed_without_prohibited_edit_action,not_exposed_without_prohibited_edit_action,not_exposed_without_prohibited_edit_action,not_exposed_without_prohibited_edit_action,not_exposed_without_prohibited_edit_action,not_exposed,not_exposed,ungrouped_or_not_exposed,1,visible_in_qbench_ui,not_separately_exposed,true,not_exposed,not_exposed,not_exposed,[],not_exposed,not_exposed,not_exposed
Customer,fields-customer,not_exposed,Address,address,not_exposed,not_exposed_without_prohibited_edit_action,optional,not_exposed_without_prohibited_edit_action,exposed_empty,,not_exposed_without_prohibited_edit_action,not_exposed_without_prohibited_edit_action,not_exposed_without_prohibited_edit_action,not_exposed_without_prohibited_edit_action,not_exposed_without_prohibited_edit_action,not_exposed_without_prohibited_edit_action,hidden_on_order_receiving,not_exposed,ungrouped_or_not_exposed,2,visible_in_qbench_ui,not_separately_exposed,true,not_exposed,not_exposed,not_exposed,[],not_exposed,not_exposed,not_exposed
Customer,fields-customer,not_exposed,Customer City & State,customer_city_state,not_exposed,not_exposed_without_prohibited_edit_action,required,not_exposed_without_prohibited_edit_action,exposed_empty,,not_exposed_without_prohibited_edit_action,not_exposed_without_prohibited_edit_action,not_exposed_without_prohibited_edit_action,not_exposed_without_prohibited_edit_action,not_exposed_without_prohibited_edit_action,not_exposed_without_prohibited_edit_action,hidden_on_order_receiving,not_exposed,ungrouped_or_not_exposed,3,visible_in_qbench_ui,not_separately_exposed,true,not_exposed,not_exposed,not_exposed,[],not_exposed,not_exposed,not_exposed
Customer,fields-customer,not_exposed,Customer Program,customer_program,not_exposed,not_exposed_without_prohibited_edit_action,required,not_exposed_without_prohibited_edit_action,exposed_empty,,not_exposed_without_prohibited_edit_action,not_exposed_without_prohibited_edit_action,not_exposed_without_prohibited_edit_action,not_exposed_without_prohibited_edit_action,not_exposed_without_prohibited_edit_action,not_exposed_without_prohibited_edit_action,hidden_on_order_receiving,not_exposed,ungrouped_or_not_exposed,4,visible_in_qbench_ui,not_separately_exposed,true,not_exposed,not_exposed,not_exposed,[],not_exposed,not_exposed,not_exposed
Customer,fields-customer,not_exposed,Phone,phone,not_exposed,not_exposed_without_prohibited_edit_action,optional,not_exposed_without_prohibited_edit_action,exposed_empty,,not_exposed_without_prohibited_edit_action,not_exposed_without_prohibited_edit_action,not_exposed_without_prohibited_edit_action,not_exposed_without_prohibited_edit_action,not_exposed_without_prohibited_edit_action,not_exposed_without_prohibited_edit_action,hidden_on_order_receiving,not_exposed,ungrouped_or_not_exposed,5,visible_in_qbench_ui,not_separately_exposed,true,not_exposed,not_exposed,not_exposed,[],not_exposed,not_exposed,not_exposed
Customer,fields-customer,not_exposed,Fax,fax,not_exposed,not_exposed_without_prohibited_edit_action,optional,not_exposed_without_prohibited_edit_action,exposed_empty,,not_exposed_without_prohibited_edit_action,not_exposed_without_prohibited_edit_action,not_exposed_without_prohibited_edit_action,not_exposed_without_prohibited_edit_action,not_exposed_without_prohibited_edit_action,not_exposed_without_prohibited_edit_action,hidden_on_order_receiving,not_exposed,ungrouped_or_not_exposed,6,visible_in_qbench_ui,not_separately_exposed,true,not_exposed,not_exposed,not_exposed,[],not_exposed,not_exposed,not_exposed
Customer,fields-customer,not_exposed,Special Instructions,special_instructions,not_exposed,not_exposed_without_prohibited_edit_action,optional,not_exposed_without_prohibited_edit_action,exposed_empty,,not_exposed_without_prohibited_edit_action,not_exposed_without_prohibited_edit_action,not_exposed_without_prohibited_edit_action,not_exposed_without_prohibited_edit_action,not_exposed_without_prohibited_edit_action,not_exposed_without_prohibited_edit_action,hidden_on_order_receiving,not_exposed,ungrouped_or_not_exposed,7,visible_in_qbench_ui,not_separately_exposed,true,not_exposed,not_exposed,not_exposed,[],not_exposed,not_exposed,not_exposed
Customer,fields-customer,not_exposed,Comments,comments,not_exposed,not_exposed_without_prohibited_edit_action,optional,not_exposed_without_prohibited_edit_action,exposed_empty,,not_exposed_without_prohibited_edit_action,not_exposed_without_prohibited_edit_action,not_exposed_without_prohibited_edit_action,not_exposed_without_prohibited_edit_action,not_exposed_without_prohibited_edit_action,not_exposed_without_prohibited_edit_action,hidden_on_order_receiving,not_exposed,ungrouped_or_not_exposed,8,visible_in_qbench_ui,not_separately_exposed,true,not_exposed,not_exposed,not_exposed,[],not_exposed,not_exposed,not_exposed
Customer,fields-customer,not_exposed,Tags,tags,not_exposed,not_exposed_without_prohibited_edit_action,optional,not_exposed_without_prohibited_edit_action,exposed_empty,,not_exposed_without_prohibited_edit_action,not_exposed_without_prohibited_edit_action,not_exposed_without_prohibited_edit_action,not_exposed_without_prohibited_edit_action,not_exposed_without_prohibited_edit_action,not_exposed_without_prohibited_edit_action,hidden_on_order_receiving,not_exposed,ungrouped_or_not_exposed,9,visible_in_qbench_ui,not_separately_exposed,true,not_exposed,not_exposed,not_exposed,[],not_exposed,not_exposed,not_exposed
Customer,fields-customer,not_exposed,PO Number,po_number,not_exposed,not_exposed_without_prohibited_edit_action,optional,not_exposed_without_prohibited_edit_action,exposed_empty,,not_exposed_without_prohibited_edit_action,not_exposed_without_prohibited_edit_action,not_exposed_without_prohibited_edit_action,not_exposed_without_prohibited_edit_action,not_exposed_without_prohibited_edit_action,not_exposed_without_prohibited_edit_action,hidden_on_order_receiving,not_exposed,ungrouped_or_not_exposed,10,visible_in_qbench_ui,not_separately_exposed,true,not_exposed,not_exposed,not_exposed,[],not_exposed,not_exposed,not_exposed
Customer,fields-customer,not_exposed,City,city_name,not_exposed,not_exposed_without_prohibited_edit_action,optional,not_exposed_without_prohibited_edit_action,exposed_empty,,not_exposed_without_prohibited_edit_action,not_exposed_without_prohibited_edit_action,not_exposed_without_prohibited_edit_action,not_exposed_without_prohibited_edit_action,not_exposed_without_prohibited_edit_action,not_exposed_without_prohibited_edit_action,not_exposed,not_exposed,ungrouped_or_not_exposed,11,hidden_in_qbench_ui,not_separately_exposed,true,not_exposed,not_exposed,not_exposed,[],not_exposed,not_exposed,not_exposed
Customer,fields-customer,not_exposed,State,state_name,not_exposed,not_exposed_without_prohibited_edit_action,optional,not_exposed_without_prohibited_edit_action,exposed_empty,,not_exposed_without_prohibited_edit_action,not_exposed_without_prohibited_edit_action,not_exposed_without_prohibited_edit_action,not_exposed_without_prohibited_edit_action,not_exposed_without_prohibited_edit_action,not_exposed_without_prohibited_edit_action,not_exposed,not_exposed,ungrouped_or_not_exposed,12,hidden_in_qbench_ui,not_separately_exposed,true,not_exposed,not_exposed,not_exposed,[],not_exposed,not_exposed,not_exposed
Customer,fields-customer,not_exposed,Zip / Postal,zip_postal_code,not_exposed,not_exposed_without_prohibited_edit_action,optional,not_exposed_without_prohibited_edit_action,exposed_empty,,not_exposed_without_prohibited_edit_action,not_exposed_without_prohibited_edit_action,not_exposed_without_prohibited_edit_action,not_exposed_without_prohibited_edit_action,not_exposed_without_prohibited_edit_action,not_exposed_without_prohibited_edit_action,not_exposed,not_exposed,ungrouped_or_not_exposed,13,hidden_in_qbench_ui,not_separately_exposed,true,not_exposed,not_exposed,not_exposed,[],not_exposed,not_exposed,not_exposed
Customer,fields-customer,not_exposed,Country,country_name,not_exposed,not_exposed_without_prohibited_edit_action,optional,not_exposed_without_prohibited_edit_action,exposed_empty,,not_exposed_without_prohibited_edit_action,not_exposed_without_prohibited_edit_action,not_exposed_without_prohibited_edit_action,not_exposed_without_prohibited_edit_action,not_exposed_without_prohibited_edit_action,not_exposed_without_prohibited_edit_action,not_exposed,not_exposed,ungrouped_or_not_exposed,14,hidden_in_qbench_ui,not_separately_exposed,true,not_exposed,not_exposed,not_exposed,[],not_exposed,not_exposed,not_exposed
Customer,fields-customer,not_exposed,Program Disclaimer Text,program_disclaimer_text,not_exposed,not_exposed_without_prohibited_edit_action,optional,not_exposed_without_prohibited_edit_action,exposed_empty,,not_exposed_without_prohibited_edit_action,not_exposed_without_prohibited_edit_action,not_exposed_without_prohibited_edit_action,not_exposed_without_prohibited_edit_action,not_exposed_without_prohibited_edit_action,not_exposed_without_prohibited_edit_action,hidden_on_order_receiving,not_exposed,ungrouped_or_not_exposed,14,visible_in_qbench_ui,not_separately_exposed,true,not_exposed,not_exposed,not_exposed,[],not_exposed,not_exposed,not_exposed
Invoice,fields-invoice,not_exposed,Invoice Template,template_id,not_exposed,not_exposed_without_prohibited_edit_action,required,not_exposed_without_prohibited_edit_action,not_exposed,,not_exposed_without_prohibited_edit_action,not_exposed_without_prohibited_edit_action,not_exposed_without_prohibited_edit_action,not_exposed_without_prohibited_edit_action,not_exposed_without_prohibited_edit_action,not_exposed_without_prohibited_edit_action,not_exposed,not_exposed,ungrouped_or_not_exposed,1,visible_in_qbench_ui,not_separately_exposed,not_exposed,not_exposed,not_exposed,not_exposed,[],not_exposed,not_exposed,not_exposed
Invoice,fields-invoice,not_exposed,Invoice Date,invoice_date,not_exposed,not_exposed_without_prohibited_edit_action,optional,not_exposed_without_prohibited_edit_action,not_exposed,,not_exposed_without_prohibited_edit_action,not_exposed_without_prohibited_edit_action,not_exposed_without_prohibited_edit_action,not_exposed_without_prohibited_edit_action,not_exposed_without_prohibited_edit_action,not_exposed_without_prohibited_edit_action,not_exposed,not_exposed,ungrouped_or_not_exposed,2,visible_in_qbench_ui,not_separately_exposed,not_exposed,not_exposed,not_exposed,not_exposed,[],not_exposed,not_exposed,not_exposed
Invoice,fields-invoice,not_exposed,Payment Term,payment_term,not_exposed,not_exposed_without_prohibited_edit_action,optional,not_exposed_without_prohibited_edit_action,not_exposed,,not_exposed_without_prohibited_edit_action,not_exposed_without_prohibited_edit_action,not_exposed_without_prohibited_edit_action,not_exposed_without_prohibited_edit_action,not_exposed_without_prohibited_edit_action,not_exposed_without_prohibited_edit_action,not_exposed,not_exposed,ungrouped_or_not_exposed,3,visible_in_qbench_ui,not_separately_exposed,not_exposed,not_exposed,not_exposed,not_exposed,[],not_exposed,not_exposed,not_exposed
Invoice,fields-invoice,not_exposed,Due Date,due_date,not_exposed,not_exposed_without_prohibited_edit_action,optional,not_exposed_without_prohibited_edit_action,not_exposed,,not_exposed_without_prohibited_edit_action,not_exposed_without_prohibited_edit_action,not_exposed_without_prohibited_edit_action,not_exposed_without_prohibited_edit_action,not_exposed_without_prohibited_edit_action,not_exposed_without_prohibited_edit_action,not_exposed,not_exposed,ungrouped_or_not_exposed,4,visible_in_qbench_ui,not_separately_exposed,not_exposed,not_exposed,not_exposed,not_exposed,[],not_exposed,not_exposed,not_exposed
Invoice,fields-invoice,not_exposed,Status,status,not_exposed,not_exposed_without_prohibited_edit_action,required,not_exposed_without_prohibited_edit_action,not_exposed,,not_exposed_without_prohibited_edit_action,not_exposed_without_prohibited_edit_action,not_exposed_without_prohibited_edit_action,not_exposed_without_prohibited_edit_action,not_exposed_without_prohibited_edit_action,not_exposed_without_prohibited_edit_action,not_exposed,not_exposed,ungrouped_or_not_exposed,5,visible_in_qbench_ui,not_separately_exposed,not_exposed,not_exposed,not_exposed,not_exposed,[],not_exposed,not_exposed,not_exposed
Invoice,fields-invoice,not_exposed,Notes,notes,not_exposed,not_exposed_without_prohibited_edit_action,optional,not_exposed_without_prohibited_edit_action,not_exposed,,not_exposed_without_prohibited_edit_action,not_exposed_without_prohibited_edit_action,not_exposed_without_prohibited_edit_action,not_exposed_without_prohibited_edit_action,not_exposed_without_prohibited_edit_action,not_exposed_without_prohibited_edit_action,not_exposed,not_exposed,ungrouped_or_not_exposed,6,visible_in_qbench_ui,not_separately_exposed,not_exposed,not_exposed,not_exposed,not_exposed,[],not_exposed,not_exposed,not_exposed
Invoice,fields-invoice,not_exposed,Email To,email_to,not_exposed,not_exposed_without_prohibited_edit_action,optional,not_exposed_without_prohibited_edit_action,not_exposed,,not_exposed_without_prohibited_edit_action,not_exposed_without_prohibited_edit_action,not_exposed_without_prohibited_edit_action,not_exposed_without_prohibited_edit_action,not_exposed_without_prohibited_edit_action,not_exposed_without_prohibited_edit_action,not_exposed,not_exposed,ungrouped_or_not_exposed,7,visible_in_qbench_ui,not_separately_exposed,not_exposed,not_exposed,not_exposed,not_exposed,[],not_exposed,not_exposed,not_exposed
Quotation,fields-quotation,not_exposed,Title,title,not_exposed,not_exposed_without_prohibited_edit_action,optional,not_exposed_without_prohibited_edit_action,not_exposed,,not_exposed_without_prohibited_edit_action,not_exposed_without_prohibited_edit_action,not_exposed_without_prohibited_edit_action,not_exposed_without_prohibited_edit_action,not_exposed_without_prohibited_edit_action,not_exposed_without_prohibited_edit_action,not_exposed,not_exposed,ungrouped_or_not_exposed,1,visible_in_qbench_ui,not_separately_exposed,not_exposed,not_exposed,not_exposed,not_exposed,[],not_exposed,not_exposed,not_exposed
Quotation,fields-quotation,not_exposed,Description,description,not_exposed,not_exposed_without_prohibited_edit_action,optional,not_exposed_without_prohibited_edit_action,not_exposed,,not_exposed_without_prohibited_edit_action,not_exposed_without_prohibited_edit_action,not_exposed_without_prohibited_edit_action,not_exposed_without_prohibited_edit_action,not_exposed_without_prohibited_edit_action,not_exposed_without_prohibited_edit_action,not_exposed,not_exposed,ungrouped_or_not_exposed,2,visible_in_qbench_ui,not_separately_exposed,not_exposed,not_exposed,not_exposed,not_exposed,[],not_exposed,not_exposed,not_exposed
Quotation,fields-quotation,not_exposed,Quotation Template,template_id,not_exposed,not_exposed_without_prohibited_edit_action,required,not_exposed_without_prohibited_edit_action,not_exposed,,not_exposed_without_prohibited_edit_action,not_exposed_without_prohibited_edit_action,not_exposed_without_prohibited_edit_action,not_exposed_without_prohibited_edit_action,not_exposed_without_prohibited_edit_action,not_exposed_without_prohibited_edit_action,not_exposed,not_exposed,ungrouped_or_not_exposed,3,visible_in_qbench_ui,not_separately_exposed,not_exposed,not_exposed,not_exposed,not_exposed,[],not_exposed,not_exposed,not_exposed
Quotation,fields-quotation,not_exposed,Quotation Date,quotation_date,not_exposed,not_exposed_without_prohibited_edit_action,required,not_exposed_without_prohibited_edit_action,not_exposed,,not_exposed_without_prohibited_edit_action,not_exposed_without_prohibited_edit_action,not_exposed_without_prohibited_edit_action,not_exposed_without_prohibited_edit_action,not_exposed_without_prohibited_edit_action,not_exposed_without_prohibited_edit_action,not_exposed,not_exposed,ungrouped_or_not_exposed,4,visible_in_qbench_ui,not_separately_exposed,not_exposed,not_exposed,not_exposed,not_exposed,[],not_exposed,not_exposed,not_exposed
Quotation,fields-quotation,not_exposed,Status,status,not_exposed,not_exposed_without_prohibited_edit_action,required,not_exposed_without_prohibited_edit_action,not_exposed,,not_exposed_without_prohibited_edit_action,not_exposed_without_prohibited_edit_action,not_exposed_without_prohibited_edit_action,not_exposed_without_prohibited_edit_action,not_exposed_without_prohibited_edit_action,not_exposed_without_prohibited_edit_action,not_exposed,not_exposed,ungrouped_or_not_exposed,5,visible_in_qbench_ui,not_separately_exposed,not_exposed,not_exposed,not_exposed,not_exposed,[],not_exposed,not_exposed,not_exposed
Quotation,fields-quotation,not_exposed,Expiration Date,expiration_date,not_exposed,not_exposed_without_prohibited_edit_action,optional,not_exposed_without_prohibited_edit_action,not_exposed,,not_exposed_without_prohibited_edit_action,not_exposed_without_prohibited_edit_action,not_exposed_without_prohibited_edit_action,not_exposed_without_prohibited_edit_action,not_exposed_without_prohibited_edit_action,not_exposed_without_prohibited_edit_action,not_exposed,not_exposed,ungrouped_or_not_exposed,6,visible_in_qbench_ui,not_separately_exposed,not_exposed,not_exposed,not_exposed,not_exposed,[],not_exposed,not_exposed,not_exposed
Quotation,fields-quotation,not_exposed,Payment Term,payment_term,not_exposed,not_exposed_without_prohibited_edit_action,optional,not_exposed_without_prohibited_edit_action,not_exposed,,not_exposed_without_prohibited_edit_action,not_exposed_without_prohibited_edit_action,not_exposed_without_prohibited_edit_action,not_exposed_without_prohibited_edit_action,not_exposed_without_prohibited_edit_action,not_exposed_without_prohibited_edit_action,not_exposed,not_exposed,ungrouped_or_not_exposed,7,visible_in_qbench_ui,not_separately_exposed,not_exposed,not_exposed,not_exposed,not_exposed,[],not_exposed,not_exposed,not_exposed
Quotation,fields-quotation,not_exposed,Payment Term Days,payment_term_days,not_exposed,not_exposed_without_prohibited_edit_action,optional,not_exposed_without_prohibited_edit_action,not_exposed,,not_exposed_without_prohibited_edit_action,not_exposed_without_prohibited_edit_action,not_exposed_without_prohibited_edit_action,not_exposed_without_prohibited_edit_action,not_exposed_without_prohibited_edit_action,not_exposed_without_prohibited_edit_action,not_exposed,not_exposed,ungrouped_or_not_exposed,8,visible_in_qbench_ui,not_separately_exposed,not_exposed,not_exposed,not_exposed,not_exposed,[],not_exposed,not_exposed,not_exposed
Quotation,fields-quotation,not_exposed,Email To,email_to,not_exposed,not_exposed_without_prohibited_edit_action,optional,not_exposed_without_prohibited_edit_action,not_exposed,,not_exposed_without_prohibited_edit_action,not_exposed_without_prohibited_edit_action,not_exposed_without_prohibited_edit_action,not_exposed_without_prohibited_edit_action,not_exposed_without_prohibited_edit_action,not_exposed_without_prohibited_edit_action,not_exposed,not_exposed,ungrouped_or_not_exposed,9,visible_in_qbench_ui,not_separately_exposed,not_exposed,not_exposed,not_exposed,not_exposed,[],not_exposed,not_exposed,not_exposed
Quotation,fields-quotation,not_exposed,Notes,notes,not_exposed,not_exposed_without_prohibited_edit_action,optional,not_exposed_without_prohibited_edit_action,not_exposed,,not_exposed_without_prohibited_edit_action,not_exposed_without_prohibited_edit_action,not_exposed_without_prohibited_edit_action,not_exposed_without_prohibited_edit_action,not_exposed_without_prohibited_edit_action,not_exposed_without_prohibited_edit_action,not_exposed,not_exposed,ungrouped_or_not_exposed,10,visible_in_qbench_ui,not_separately_exposed,not_exposed,not_exposed,not_exposed,not_exposed,[],not_exposed,not_exposed,not_exposed
Supplier,fields-supplier,not_exposed,Name,name,not_exposed,not_exposed_without_prohibited_edit_action,required,not_exposed_without_prohibited_edit_action,not_exposed,,not_exposed_without_prohibited_edit_action,not_exposed_without_prohibited_edit_action,not_exposed_without_prohibited_edit_action,not_exposed_without_prohibited_edit_action,not_exposed_without_prohibited_edit_action,not_exposed_without_prohibited_edit_action,not_exposed,not_exposed,ungrouped_or_not_exposed,1,visible_in_qbench_ui,not_separately_exposed,not_exposed,not_exposed,not_exposed,not_exposed,[],not_exposed,not_exposed,not_exposed
Supplier,fields-supplier,not_exposed,Supplier Website,supplier_URL,not_exposed,not_exposed_without_prohibited_edit_action,optional,not_exposed_without_prohibited_edit_action,exposed_empty,,not_exposed_without_prohibited_edit_action,not_exposed_without_prohibited_edit_action,not_exposed_without_prohibited_edit_action,not_exposed_without_prohibited_edit_action,not_exposed_without_prohibited_edit_action,not_exposed_without_prohibited_edit_action,not_exposed,not_exposed,ungrouped_or_not_exposed,2,visible_in_qbench_ui,not_separately_exposed,true,not_exposed,not_exposed,not_exposed,[],not_exposed,not_exposed,not_exposed
Supplier,fields-supplier,not_exposed,Supplier Overall Status - May only be active after appropriate evaluation done,supplier_status,not_exposed,not_exposed_without_prohibited_edit_action,optional,not_exposed_without_prohibited_edit_action,exposed_empty,,not_exposed_without_prohibited_edit_action,not_exposed_without_prohibited_edit_action,not_exposed_without_prohibited_edit_action,not_exposed_without_prohibited_edit_action,not_exposed_without_prohibited_edit_action,not_exposed_without_prohibited_edit_action,not_exposed,not_exposed,ungrouped_or_not_exposed,3,visible_in_qbench_ui,not_separately_exposed,true,not_exposed,not_exposed,not_exposed,[],not_exposed,not_exposed,not_exposed
Supplier,fields-supplier,not_exposed,Next Evaluation Date By,eval_date,not_exposed,not_exposed_without_prohibited_edit_action,optional,not_exposed_without_prohibited_edit_action,exposed_empty,,not_exposed_without_prohibited_edit_action,not_exposed_without_prohibited_edit_action,not_exposed_without_prohibited_edit_action,not_exposed_without_prohibited_edit_action,not_exposed_without_prohibited_edit_action,not_exposed_without_prohibited_edit_action,not_exposed,not_exposed,ungrouped_or_not_exposed,4,visible_in_qbench_ui,not_separately_exposed,true,not_exposed,not_exposed,not_exposed,[],not_exposed,not_exposed,not_exposed
Supplier,fields-supplier,not_exposed,Address,address,not_exposed,not_exposed_without_prohibited_edit_action,optional,not_exposed_without_prohibited_edit_action,not_exposed,,not_exposed_without_prohibited_edit_action,not_exposed_without_prohibited_edit_action,not_exposed_without_prohibited_edit_action,not_exposed_without_prohibited_edit_action,not_exposed_without_prohibited_edit_action,not_exposed_without_prohibited_edit_action,not_exposed,not_exposed,ungrouped_or_not_exposed,5,visible_in_qbench_ui,not_separately_exposed,not_exposed,not_exposed,not_exposed,not_exposed,[],not_exposed,not_exposed,not_exposed
Supplier,fields-supplier,not_exposed,Phone,phone,not_exposed,not_exposed_without_prohibited_edit_action,optional,not_exposed_without_prohibited_edit_action,not_exposed,,not_exposed_without_prohibited_edit_action,not_exposed_without_prohibited_edit_action,not_exposed_without_prohibited_edit_action,not_exposed_without_prohibited_edit_action,not_exposed_without_prohibited_edit_action,not_exposed_without_prohibited_edit_action,not_exposed,not_exposed,ungrouped_or_not_exposed,6,visible_in_qbench_ui,not_separately_exposed,not_exposed,not_exposed,not_exposed,not_exposed,[],not_exposed,not_exposed,not_exposed
Supplier,fields-supplier,not_exposed,Fax,fax,not_exposed,not_exposed_without_prohibited_edit_action,optional,not_exposed_without_prohibited_edit_action,not_exposed,,not_exposed_without_prohibited_edit_action,not_exposed_without_prohibited_edit_action,not_exposed_without_prohibited_edit_action,not_exposed_without_prohibited_edit_action,not_exposed_without_prohibited_edit_action,not_exposed_without_prohibited_edit_action,not_exposed,not_exposed,ungrouped_or_not_exposed,7,hidden_in_qbench_ui,not_separately_exposed,not_exposed,not_exposed,not_exposed,not_exposed,[],not_exposed,not_exposed,not_exposed
Supplier,fields-supplier,not_exposed,Email,sup_email,not_exposed,not_exposed_without_prohibited_edit_action,optional,not_exposed_without_prohibited_edit_action,exposed_empty,,not_exposed_without_prohibited_edit_action,not_exposed_without_prohibited_edit_action,not_exposed_without_prohibited_edit_action,not_exposed_without_prohibited_edit_action,not_exposed_without_prohibited_edit_action,not_exposed_without_prohibited_edit_action,not_exposed,not_exposed,ungrouped_or_not_exposed,8,visible_in_qbench_ui,not_separately_exposed,true,not_exposed,not_exposed,not_exposed,[],not_exposed,not_exposed,not_exposed
Supplier,fields-supplier,not_exposed,Comments,comments,not_exposed,not_exposed_without_prohibited_edit_action,optional,not_exposed_without_prohibited_edit_action,not_exposed,,not_exposed_without_prohibited_edit_action,not_exposed_without_prohibited_edit_action,not_exposed_without_prohibited_edit_action,not_exposed_without_prohibited_edit_action,not_exposed_without_prohibited_edit_action,not_exposed_without_prohibited_edit_action,not_exposed,not_exposed,ungrouped_or_not_exposed,9,visible_in_qbench_ui,not_separately_exposed,not_exposed,not_exposed,not_exposed,not_exposed,[],not_exposed,not_exposed,not_exposed
Supplier,fields-supplier,not_exposed,Tags,tags,not_exposed,not_exposed_without_prohibited_edit_action,optional,not_exposed_without_prohibited_edit_action,not_exposed,,not_exposed_without_prohibited_edit_action,not_exposed_without_prohibited_edit_action,not_exposed_without_prohibited_edit_action,not_exposed_without_prohibited_edit_action,not_exposed_without_prohibited_edit_action,not_exposed_without_prohibited_edit_action,not_exposed,not_exposed,ungrouped_or_not_exposed,10,visible_in_qbench_ui,not_separately_exposed,not_exposed,not_exposed,not_exposed,not_exposed,[],not_exposed,not_exposed,not_exposed
Supplier,fields-supplier,not_exposed,Supplies the Following,supplies_following,not_exposed,not_exposed_without_prohibited_edit_action,optional,not_exposed_without_prohibited_edit_action,exposed_safe,[],not_exposed_without_prohibited_edit_action,not_exposed_without_prohibited_edit_action,not_exposed_without_prohibited_edit_action,not_exposed_without_prohibited_edit_action,not_exposed_without_prohibited_edit_action,not_exposed_without_prohibited_edit_action,not_exposed,not_exposed,General Supplier Approval,11,visible_in_qbench_ui,not_separately_exposed,true,not_exposed,not_exposed,not_exposed,[],not_exposed,not_exposed,not_exposed
Supplier,fields-supplier,not_exposed,Describe Services/Products Provided,services_products_provided,not_exposed,not_exposed_without_prohibited_edit_action,optional,not_exposed_without_prohibited_edit_action,exposed_empty,,not_exposed_without_prohibited_edit_action,not_exposed_without_prohibited_edit_action,not_exposed_without_prohibited_edit_action,not_exposed_without_prohibited_edit_action,not_exposed_without_prohibited_edit_action,not_exposed_without_prohibited_edit_action,not_exposed,not_exposed,General Supplier Approval,12,visible_in_qbench_ui,not_separately_exposed,true,not_exposed,not_exposed,not_exposed,[],not_exposed,not_exposed,not_exposed
Supplier,fields-supplier,not_exposed,Relation with Supplier,supplier_relation,not_exposed,not_exposed_without_prohibited_edit_action,optional,not_exposed_without_prohibited_edit_action,exposed_safe,[],not_exposed_without_prohibited_edit_action,not_exposed_without_prohibited_edit_action,not_exposed_without_prohibited_edit_action,not_exposed_without_prohibited_edit_action,not_exposed_without_prohibited_edit_action,not_exposed_without_prohibited_edit_action,not_exposed,not_exposed,General Supplier Approval,13,visible_in_qbench_ui,not_separately_exposed,true,not_exposed,not_exposed,not_exposed,[],not_exposed,not_exposed,not_exposed
Supplier,fields-supplier,not_exposed,General Satisfaction with Supplier,supplier_satisfaction,not_exposed,not_exposed_without_prohibited_edit_action,optional,not_exposed_without_prohibited_edit_action,exposed_safe,[],not_exposed_without_prohibited_edit_action,not_exposed_without_prohibited_edit_action,not_exposed_without_prohibited_edit_action,not_exposed_without_prohibited_edit_action,not_exposed_without_prohibited_edit_action,not_exposed_without_prohibited_edit_action,not_exposed,not_exposed,General Supplier Approval,14,visible_in_qbench_ui,not_separately_exposed,true,not_exposed,not_exposed,not_exposed,[],not_exposed,not_exposed,not_exposed
Supplier,fields-supplier,not_exposed,Supplier Approval Status,supplier_approval,not_exposed,not_exposed_without_prohibited_edit_action,optional,not_exposed_without_prohibited_edit_action,exposed_safe,[],not_exposed_without_prohibited_edit_action,not_exposed_without_prohibited_edit_action,not_exposed_without_prohibited_edit_action,not_exposed_without_prohibited_edit_action,not_exposed_without_prohibited_edit_action,not_exposed_without_prohibited_edit_action,not_exposed,not_exposed,General Supplier Approval,15,visible_in_qbench_ui,not_separately_exposed,true,not_exposed,not_exposed,not_exposed,[],not_exposed,not_exposed,not_exposed
Supplier,fields-supplier,not_exposed,Accreditation Expiration Date (If Applicable),supplier_exp,not_exposed,not_exposed_without_prohibited_edit_action,optional,not_exposed_without_prohibited_edit_action,exposed_empty,,not_exposed_without_prohibited_edit_action,not_exposed_without_prohibited_edit_action,not_exposed_without_prohibited_edit_action,not_exposed_without_prohibited_edit_action,not_exposed_without_prohibited_edit_action,not_exposed_without_prohibited_edit_action,not_exposed,not_exposed,General Supplier Approval,16,visible_in_qbench_ui,not_separately_exposed,true,not_exposed,not_exposed,not_exposed,[],not_exposed,not_exposed,not_exposed
Supplier,fields-supplier,not_exposed,Is supplier ISO 17043 accredited for the proficiency tests supplied?,prof_17043,not_exposed,not_exposed_without_prohibited_edit_action,optional,not_exposed_without_prohibited_edit_action,exposed_empty,,not_exposed_without_prohibited_edit_action,not_exposed_without_prohibited_edit_action,not_exposed_without_prohibited_edit_action,not_exposed_without_prohibited_edit_action,not_exposed_without_prohibited_edit_action,not_exposed_without_prohibited_edit_action,not_exposed,not_exposed,Supplier | Proficiency Provider,17,visible_in_qbench_ui,not_separately_exposed,true,not_exposed,not_exposed,not_exposed,[],not_exposed,not_exposed,not_exposed
Supplier,fields-supplier,not_exposed,"Provide the accrediting body, certificate number, and expiration date below",prof_exp,not_exposed,not_exposed_without_prohibited_edit_action,optional,not_exposed_without_prohibited_edit_action,exposed_empty,,not_exposed_without_prohibited_edit_action,not_exposed_without_prohibited_edit_action,not_exposed_without_prohibited_edit_action,not_exposed_without_prohibited_edit_action,not_exposed_without_prohibited_edit_action,not_exposed_without_prohibited_edit_action,not_exposed,not_exposed,Supplier | Proficiency Provider,18,visible_in_qbench_ui,not_separately_exposed,true,not_exposed,not_exposed,not_exposed,[],not_exposed,not_exposed,not_exposed
Supplier,fields-supplier,not_exposed,Other relevant certification of affiliations making them suitable to provide the PT(s),prof_relevant_info,not_exposed,not_exposed_without_prohibited_edit_action,optional,not_exposed_without_prohibited_edit_action,exposed_empty,,not_exposed_without_prohibited_edit_action,not_exposed_without_prohibited_edit_action,not_exposed_without_prohibited_edit_action,not_exposed_without_prohibited_edit_action,not_exposed_without_prohibited_edit_action,not_exposed_without_prohibited_edit_action,not_exposed,not_exposed,Supplier | Proficiency Provider,19,visible_in_qbench_ui,not_separately_exposed,true,not_exposed,not_exposed,not_exposed,[],not_exposed,not_exposed,not_exposed
Supplier,fields-supplier,not_exposed,Types of PTs obtained from the supplier,prof_pts,not_exposed,not_exposed_without_prohibited_edit_action,optional,not_exposed_without_prohibited_edit_action,exposed_empty,,not_exposed_without_prohibited_edit_action,not_exposed_without_prohibited_edit_action,not_exposed_without_prohibited_edit_action,not_exposed_without_prohibited_edit_action,not_exposed_without_prohibited_edit_action,not_exposed_without_prohibited_edit_action,not_exposed,not_exposed,Supplier | Proficiency Provider,20,visible_in_qbench_ui,not_separately_exposed,true,not_exposed,not_exposed,not_exposed,[],not_exposed,not_exposed,not_exposed
Supplier,fields-supplier,not_exposed,Evaluation of current and past experience,prof_eval,not_exposed,not_exposed_without_prohibited_edit_action,optional,not_exposed_without_prohibited_edit_action,exposed_safe,[],not_exposed_without_prohibited_edit_action,not_exposed_without_prohibited_edit_action,not_exposed_without_prohibited_edit_action,not_exposed_without_prohibited_edit_action,not_exposed_without_prohibited_edit_action,not_exposed_without_prohibited_edit_action,not_exposed,not_exposed,Supplier | Proficiency Provider,21,visible_in_qbench_ui,not_separately_exposed,true,not_exposed,not_exposed,not_exposed,[],not_exposed,not_exposed,not_exposed
Supplier,fields-supplier,not_exposed,Is supplier ISO 17034 accredited for the reference materials supplied?,ref_17034,not_exposed,not_exposed_without_prohibited_edit_action,optional,not_exposed_without_prohibited_edit_action,exposed_empty,,not_exposed_without_prohibited_edit_action,not_exposed_without_prohibited_edit_action,not_exposed_without_prohibited_edit_action,not_exposed_without_prohibited_edit_action,not_exposed_without_prohibited_edit_action,not_exposed_without_prohibited_edit_action,not_exposed,not_exposed,Supplier | Reference Materials,22,visible_in_qbench_ui,not_separately_exposed,true,not_exposed,not_exposed,not_exposed,[],not_exposed,not_exposed,not_exposed
Supplier,fields-supplier,not_exposed,"If yes, provide Accrediting body, certificate number, and expiration date below",ref_exp,not_exposed,not_exposed_without_prohibited_edit_action,optional,not_exposed_without_prohibited_edit_action,exposed_empty,,not_exposed_without_prohibited_edit_action,not_exposed_without_prohibited_edit_action,not_exposed_without_prohibited_edit_action,not_exposed_without_prohibited_edit_action,not_exposed_without_prohibited_edit_action,not_exposed_without_prohibited_edit_action,not_exposed,not_exposed,Supplier | Reference Materials,23,visible_in_qbench_ui,not_separately_exposed,true,not_exposed,not_exposed,not_exposed,[],not_exposed,not_exposed,not_exposed
Supplier,fields-supplier,not_exposed,Other relevant certification of affiliations making them suitable to provide product(s),ref_relevant_info,not_exposed,not_exposed_without_prohibited_edit_action,optional,not_exposed_without_prohibited_edit_action,exposed_empty,,not_exposed_without_prohibited_edit_action,not_exposed_without_prohibited_edit_action,not_exposed_without_prohibited_edit_action,not_exposed_without_prohibited_edit_action,not_exposed_without_prohibited_edit_action,not_exposed_without_prohibited_edit_action,not_exposed,not_exposed,Supplier | Reference Materials,24,visible_in_qbench_ui,not_separately_exposed,true,not_exposed,not_exposed,not_exposed,[],not_exposed,not_exposed,not_exposed
Supplier,fields-supplier,not_exposed,Types of reference materials obtained from supplier,ref_materials,not_exposed,not_exposed_without_prohibited_edit_action,optional,not_exposed_without_prohibited_edit_action,exposed_empty,,not_exposed_without_prohibited_edit_action,not_exposed_without_prohibited_edit_action,not_exposed_without_prohibited_edit_action,not_exposed_without_prohibited_edit_action,not_exposed_without_prohibited_edit_action,not_exposed_without_prohibited_edit_action,not_exposed,not_exposed,Supplier | Reference Materials,25,visible_in_qbench_ui,not_separately_exposed,true,not_exposed,not_exposed,not_exposed,[],not_exposed,not_exposed,not_exposed
Supplier,fields-supplier,not_exposed,Evaluation of current and past experience,ref_eval,not_exposed,not_exposed_without_prohibited_edit_action,optional,not_exposed_without_prohibited_edit_action,exposed_safe,[],not_exposed_without_prohibited_edit_action,not_exposed_without_prohibited_edit_action,not_exposed_without_prohibited_edit_action,not_exposed_without_prohibited_edit_action,not_exposed_without_prohibited_edit_action,not_exposed_without_prohibited_edit_action,not_exposed,not_exposed,Supplier | Reference Materials,26,visible_in_qbench_ui,not_separately_exposed,true,not_exposed,not_exposed,not_exposed,[],not_exposed,not_exposed,not_exposed
Supplier,fields-supplier,not_exposed,Relevant certification of affiliations making them suitable to provide product(s),solv_cert,not_exposed,not_exposed_without_prohibited_edit_action,optional,not_exposed_without_prohibited_edit_action,exposed_empty,,not_exposed_without_prohibited_edit_action,not_exposed_without_prohibited_edit_action,not_exposed_without_prohibited_edit_action,not_exposed_without_prohibited_edit_action,not_exposed_without_prohibited_edit_action,not_exposed_without_prohibited_edit_action,not_exposed,not_exposed,Supplier | Solvents/Reagents,27,visible_in_qbench_ui,not_separately_exposed,true,not_exposed,not_exposed,not_exposed,[],not_exposed,not_exposed,not_exposed
Supplier,fields-supplier,not_exposed,Types of products obtained from supplier,solv_products,not_exposed,not_exposed_without_prohibited_edit_action,optional,not_exposed_without_prohibited_edit_action,exposed_empty,,not_exposed_without_prohibited_edit_action,not_exposed_without_prohibited_edit_action,not_exposed_without_prohibited_edit_action,not_exposed_without_prohibited_edit_action,not_exposed_without_prohibited_edit_action,not_exposed_without_prohibited_edit_action,not_exposed,not_exposed,Supplier | Solvents/Reagents,28,visible_in_qbench_ui,not_separately_exposed,true,not_exposed,not_exposed,not_exposed,[],not_exposed,not_exposed,not_exposed
Supplier,fields-supplier,not_exposed,Evaluation of current and past experience,solv_eval,not_exposed,not_exposed_without_prohibited_edit_action,optional,not_exposed_without_prohibited_edit_action,exposed_safe,[],not_exposed_without_prohibited_edit_action,not_exposed_without_prohibited_edit_action,not_exposed_without_prohibited_edit_action,not_exposed_without_prohibited_edit_action,not_exposed_without_prohibited_edit_action,not_exposed_without_prohibited_edit_action,not_exposed,not_exposed,Supplier | Solvents/Reagents,29,visible_in_qbench_ui,not_separately_exposed,true,not_exposed,not_exposed,not_exposed,[],not_exposed,not_exposed,not_exposed
Supplier,fields-supplier,not_exposed,Is supplier ISO 17025 accredited for calibration to be performed?,cal_17025,not_exposed,not_exposed_without_prohibited_edit_action,optional,not_exposed_without_prohibited_edit_action,exposed_empty,,not_exposed_without_prohibited_edit_action,not_exposed_without_prohibited_edit_action,not_exposed_without_prohibited_edit_action,not_exposed_without_prohibited_edit_action,not_exposed_without_prohibited_edit_action,not_exposed_without_prohibited_edit_action,not_exposed,not_exposed,Supplier | Calibrations,30,visible_in_qbench_ui,not_separately_exposed,true,not_exposed,not_exposed,not_exposed,[],not_exposed,not_exposed,not_exposed
Supplier,fields-supplier,not_exposed,"If yes, document the Accrediting body, Certificate number, and expiration date",cal_accredit,not_exposed,not_exposed_without_prohibited_edit_action,optional,not_exposed_without_prohibited_edit_action,exposed_empty,,not_exposed_without_prohibited_edit_action,not_exposed_without_prohibited_edit_action,not_exposed_without_prohibited_edit_action,not_exposed_without_prohibited_edit_action,not_exposed_without_prohibited_edit_action,not_exposed_without_prohibited_edit_action,not_exposed,not_exposed,Supplier | Calibrations,31,visible_in_qbench_ui,not_separately_exposed,true,not_exposed,not_exposed,not_exposed,[],not_exposed,not_exposed,not_exposed
Supplier,fields-supplier,not_exposed,Relevant Certification of affiliations making them suitable to provide product(s),maint_cert,not_exposed,not_exposed_without_prohibited_edit_action,optional,not_exposed_without_prohibited_edit_action,exposed_empty,,not_exposed_without_prohibited_edit_action,not_exposed_without_prohibited_edit_action,not_exposed_without_prohibited_edit_action,not_exposed_without_prohibited_edit_action,not_exposed_without_prohibited_edit_action,not_exposed_without_prohibited_edit_action,not_exposed,not_exposed,Supplier | Maintenance,32,visible_in_qbench_ui,not_separately_exposed,true,not_exposed,not_exposed,not_exposed,[],not_exposed,not_exposed,not_exposed
Supplier,fields-supplier,not_exposed,Evaluation of current and past experience,maint_eval,not_exposed,not_exposed_without_prohibited_edit_action,optional,not_exposed_without_prohibited_edit_action,exposed_safe,[],not_exposed_without_prohibited_edit_action,not_exposed_without_prohibited_edit_action,not_exposed_without_prohibited_edit_action,not_exposed_without_prohibited_edit_action,not_exposed_without_prohibited_edit_action,not_exposed_without_prohibited_edit_action,not_exposed,not_exposed,Supplier | Maintenance,33,visible_in_qbench_ui,not_separately_exposed,true,not_exposed,not_exposed,not_exposed,[],not_exposed,not_exposed,not_exposed
Supplier,fields-supplier,not_exposed,Relevant Certification of affiliations making them suitable to provide product(s),other_cert,not_exposed,not_exposed_without_prohibited_edit_action,optional,not_exposed_without_prohibited_edit_action,exposed_empty,,not_exposed_without_prohibited_edit_action,not_exposed_without_prohibited_edit_action,not_exposed_without_prohibited_edit_action,not_exposed_without_prohibited_edit_action,not_exposed_without_prohibited_edit_action,not_exposed_without_prohibited_edit_action,not_exposed,not_exposed,Supplier | Other,34,visible_in_qbench_ui,not_separately_exposed,true,not_exposed,not_exposed,not_exposed,[],not_exposed,not_exposed,not_exposed
Supplier,fields-supplier,not_exposed,Evaluation of current and past experience,other_eval,not_exposed,not_exposed_without_prohibited_edit_action,optional,not_exposed_without_prohibited_edit_action,exposed_safe,[],not_exposed_without_prohibited_edit_action,not_exposed_without_prohibited_edit_action,not_exposed_without_prohibited_edit_action,not_exposed_without_prohibited_edit_action,not_exposed_without_prohibited_edit_action,not_exposed_without_prohibited_edit_action,not_exposed,not_exposed,Supplier | Other,35,visible_in_qbench_ui,not_separately_exposed,true,not_exposed,not_exposed,not_exposed,[],not_exposed,not_exposed,not_exposed
Supplier,fields-supplier,not_exposed,Additional notes for evaluation,other_notes,not_exposed,not_exposed_without_prohibited_edit_action,optional,not_exposed_without_prohibited_edit_action,exposed_empty,,not_exposed_without_prohibited_edit_action,not_exposed_without_prohibited_edit_action,not_exposed_without_prohibited_edit_action,not_exposed_without_prohibited_edit_action,not_exposed_without_prohibited_edit_action,not_exposed_without_prohibited_edit_action,not_exposed,not_exposed,Supplier | Other,36,visible_in_qbench_ui,not_separately_exposed,true,not_exposed,not_exposed,not_exposed,[],not_exposed,not_exposed,not_exposed
Supplier,fields-supplier,not_exposed,Supplier Removal Notes,supplier_removal,not_exposed,not_exposed_without_prohibited_edit_action,optional,not_exposed_without_prohibited_edit_action,exposed_empty,,not_exposed_without_prohibited_edit_action,not_exposed_without_prohibited_edit_action,not_exposed_without_prohibited_edit_action,not_exposed_without_prohibited_edit_action,not_exposed_without_prohibited_edit_action,not_exposed_without_prohibited_edit_action,not_exposed,not_exposed,Supplier | Removal,37,visible_in_qbench_ui,not_separately_exposed,true,not_exposed,not_exposed,not_exposed,[],not_exposed,not_exposed,not_exposed
Supplier,fields-supplier,not_exposed,Supplier Removal Date,supplier_removal_date,not_exposed,not_exposed_without_prohibited_edit_action,optional,not_exposed_without_prohibited_edit_action,exposed_empty,,not_exposed_without_prohibited_edit_action,not_exposed_without_prohibited_edit_action,not_exposed_without_prohibited_edit_action,not_exposed_without_prohibited_edit_action,not_exposed_without_prohibited_edit_action,not_exposed_without_prohibited_edit_action,not_exposed,not_exposed,Supplier | Removal,38,visible_in_qbench_ui,not_separately_exposed,true,not_exposed,not_exposed,not_exposed,[],not_exposed,not_exposed,not_exposed
Contact,fields-contact,not_exposed,First Name,first_name,not_exposed,not_exposed_without_prohibited_edit_action,required,not_exposed_without_prohibited_edit_action,exposed_empty,,not_exposed_without_prohibited_edit_action,not_exposed_without_prohibited_edit_action,not_exposed_without_prohibited_edit_action,not_exposed_without_prohibited_edit_action,not_exposed_without_prohibited_edit_action,not_exposed_without_prohibited_edit_action,not_exposed,not_exposed,ungrouped_or_not_exposed,1,visible_in_qbench_ui,not_separately_exposed,true,not_exposed,not_exposed,not_exposed,[],not_exposed,not_exposed,not_exposed
Contact,fields-contact,not_exposed,Last Name,last_name,not_exposed,not_exposed_without_prohibited_edit_action,optional,not_exposed_without_prohibited_edit_action,exposed_empty,,not_exposed_without_prohibited_edit_action,not_exposed_without_prohibited_edit_action,not_exposed_without_prohibited_edit_action,not_exposed_without_prohibited_edit_action,not_exposed_without_prohibited_edit_action,not_exposed_without_prohibited_edit_action,hidden_on_order_receiving,not_exposed,ungrouped_or_not_exposed,2,visible_in_qbench_ui,not_separately_exposed,true,not_exposed,not_exposed,not_exposed,[],not_exposed,not_exposed,not_exposed
Contact,fields-contact,not_exposed,Email,email,not_exposed,not_exposed_without_prohibited_edit_action,optional,not_exposed_without_prohibited_edit_action,exposed_empty,,not_exposed_without_prohibited_edit_action,not_exposed_without_prohibited_edit_action,not_exposed_without_prohibited_edit_action,not_exposed_without_prohibited_edit_action,not_exposed_without_prohibited_edit_action,not_exposed_without_prohibited_edit_action,hidden_on_order_receiving,not_exposed,ungrouped_or_not_exposed,3,visible_in_qbench_ui,not_separately_exposed,true,not_exposed,not_exposed,not_exposed,[],not_exposed,not_exposed,not_exposed
Contact,fields-contact,not_exposed,Address,address,not_exposed,not_exposed_without_prohibited_edit_action,optional,not_exposed_without_prohibited_edit_action,exposed_empty,,not_exposed_without_prohibited_edit_action,not_exposed_without_prohibited_edit_action,not_exposed_without_prohibited_edit_action,not_exposed_without_prohibited_edit_action,not_exposed_without_prohibited_edit_action,not_exposed_without_prohibited_edit_action,hidden_on_order_receiving,not_exposed,ungrouped_or_not_exposed,4,visible_in_qbench_ui,not_separately_exposed,true,not_exposed,not_exposed,not_exposed,[],not_exposed,not_exposed,not_exposed
Contact,fields-contact,not_exposed,Phone,phone,not_exposed,not_exposed_without_prohibited_edit_action,optional,not_exposed_without_prohibited_edit_action,exposed_empty,,not_exposed_without_prohibited_edit_action,not_exposed_without_prohibited_edit_action,not_exposed_without_prohibited_edit_action,not_exposed_without_prohibited_edit_action,not_exposed_without_prohibited_edit_action,not_exposed_without_prohibited_edit_action,hidden_on_order_receiving,not_exposed,ungrouped_or_not_exposed,5,visible_in_qbench_ui,not_separately_exposed,true,not_exposed,not_exposed,not_exposed,[],not_exposed,not_exposed,not_exposed
Contact,fields-contact,not_exposed,Fax,fax,not_exposed,not_exposed_without_prohibited_edit_action,optional,not_exposed_without_prohibited_edit_action,exposed_empty,,not_exposed_without_prohibited_edit_action,not_exposed_without_prohibited_edit_action,not_exposed_without_prohibited_edit_action,not_exposed_without_prohibited_edit_action,not_exposed_without_prohibited_edit_action,not_exposed_without_prohibited_edit_action,hidden_on_order_receiving,not_exposed,ungrouped_or_not_exposed,6,visible_in_qbench_ui,not_separately_exposed,true,not_exposed,not_exposed,not_exposed,[],not_exposed,not_exposed,not_exposed
Contact,fields-contact,not_exposed,Mobile,mobile,not_exposed,not_exposed_without_prohibited_edit_action,optional,not_exposed_without_prohibited_edit_action,exposed_empty,,not_exposed_without_prohibited_edit_action,not_exposed_without_prohibited_edit_action,not_exposed_without_prohibited_edit_action,not_exposed_without_prohibited_edit_action,not_exposed_without_prohibited_edit_action,not_exposed_without_prohibited_edit_action,hidden_on_order_receiving,not_exposed,ungrouped_or_not_exposed,7,visible_in_qbench_ui,not_separately_exposed,true,not_exposed,not_exposed,not_exposed,[],not_exposed,not_exposed,not_exposed
Contact,fields-contact,not_exposed,Tags,tags,not_exposed,not_exposed_without_prohibited_edit_action,optional,not_exposed_without_prohibited_edit_action,exposed_empty,,not_exposed_without_prohibited_edit_action,not_exposed_without_prohibited_edit_action,not_exposed_without_prohibited_edit_action,not_exposed_without_prohibited_edit_action,not_exposed_without_prohibited_edit_action,not_exposed_without_prohibited_edit_action,hidden_on_order_receiving,not_exposed,ungrouped_or_not_exposed,8,visible_in_qbench_ui,not_separately_exposed,true,not_exposed,not_exposed,not_exposed,[],not_exposed,not_exposed,not_exposed
Equipment,fields-equipment,not_exposed,Name,name,not_exposed,not_exposed_without_prohibited_edit_action,required,not_exposed_without_prohibited_edit_action,not_exposed,,not_exposed_without_prohibited_edit_action,not_exposed_without_prohibited_edit_action,not_exposed_without_prohibited_edit_action,not_exposed_without_prohibited_edit_action,not_exposed_without_prohibited_edit_action,not_exposed_without_prohibited_edit_action,not_exposed,not_exposed,ungrouped_or_not_exposed,1,visible_in_qbench_ui,not_separately_exposed,not_exposed,not_exposed,not_exposed,not_exposed,[],not_exposed,not_exposed,not_exposed
Equipment,fields-equipment,not_exposed,Image Asset,image_asset,not_exposed,not_exposed_without_prohibited_edit_action,optional,not_exposed_without_prohibited_edit_action,exposed_empty,,not_exposed_without_prohibited_edit_action,not_exposed_without_prohibited_edit_action,not_exposed_without_prohibited_edit_action,not_exposed_without_prohibited_edit_action,not_exposed_without_prohibited_edit_action,not_exposed_without_prohibited_edit_action,not_exposed,not_exposed,ungrouped_or_not_exposed,3,visible_in_qbench_ui,not_separately_exposed,true,not_exposed,not_exposed,not_exposed,[],not_exposed,not_exposed,not_exposed
Equipment,fields-equipment,not_exposed,Category,category,not_exposed,not_exposed_without_prohibited_edit_action,optional,not_exposed_without_prohibited_edit_action,exposed_empty,,not_exposed_without_prohibited_edit_action,not_exposed_without_prohibited_edit_action,not_exposed_without_prohibited_edit_action,not_exposed_without_prohibited_edit_action,not_exposed_without_prohibited_edit_action,not_exposed_without_prohibited_edit_action,not_exposed,not_exposed,ungrouped_or_not_exposed,4,visible_in_qbench_ui,not_separately_exposed,true,not_exposed,not_exposed,not_exposed,[],not_exposed,not_exposed,not_exposed
Equipment,fields-equipment,not_exposed,Description,description,not_exposed,not_exposed_without_prohibited_edit_action,optional,not_exposed_without_prohibited_edit_action,exposed_empty,,not_exposed_without_prohibited_edit_action,not_exposed_without_prohibited_edit_action,not_exposed_without_prohibited_edit_action,not_exposed_without_prohibited_edit_action,not_exposed_without_prohibited_edit_action,not_exposed_without_prohibited_edit_action,not_exposed,not_exposed,ungrouped_or_not_exposed,5,visible_in_qbench_ui,not_separately_exposed,true,not_exposed,not_exposed,not_exposed,[],not_exposed,not_exposed,not_exposed
Equipment,fields-equipment,not_exposed,Location,location,not_exposed,not_exposed_without_prohibited_edit_action,optional,not_exposed_without_prohibited_edit_action,exposed_empty,,not_exposed_without_prohibited_edit_action,not_exposed_without_prohibited_edit_action,not_exposed_without_prohibited_edit_action,not_exposed_without_prohibited_edit_action,not_exposed_without_prohibited_edit_action,not_exposed_without_prohibited_edit_action,not_exposed,not_exposed,ungrouped_or_not_exposed,6,visible_in_qbench_ui,not_separately_exposed,true,not_exposed,not_exposed,not_exposed,[],not_exposed,not_exposed,not_exposed
Equipment,fields-equipment,not_exposed,Supplier,supplier,not_exposed,not_exposed_without_prohibited_edit_action,optional,not_exposed_without_prohibited_edit_action,exposed_empty,,not_exposed_without_prohibited_edit_action,not_exposed_without_prohibited_edit_action,not_exposed_without_prohibited_edit_action,not_exposed_without_prohibited_edit_action,not_exposed_without_prohibited_edit_action,not_exposed_without_prohibited_edit_action,not_exposed,not_exposed,ungrouped_or_not_exposed,7,visible_in_qbench_ui,not_separately_exposed,true,not_exposed,not_exposed,not_exposed,[],not_exposed,not_exposed,not_exposed
Equipment,fields-equipment,not_exposed,Manufacturer,manufacturer,not_exposed,not_exposed_without_prohibited_edit_action,optional,not_exposed_without_prohibited_edit_action,exposed_empty,,not_exposed_without_prohibited_edit_action,not_exposed_without_prohibited_edit_action,not_exposed_without_prohibited_edit_action,not_exposed_without_prohibited_edit_action,not_exposed_without_prohibited_edit_action,not_exposed_without_prohibited_edit_action,not_exposed,not_exposed,ungrouped_or_not_exposed,8,visible_in_qbench_ui,not_separately_exposed,true,not_exposed,not_exposed,not_exposed,[],not_exposed,not_exposed,not_exposed
Equipment,fields-equipment,not_exposed,Model Number,model_number,not_exposed,not_exposed_without_prohibited_edit_action,optional,not_exposed_without_prohibited_edit_action,exposed_empty,,not_exposed_without_prohibited_edit_action,not_exposed_without_prohibited_edit_action,not_exposed_without_prohibited_edit_action,not_exposed_without_prohibited_edit_action,not_exposed_without_prohibited_edit_action,not_exposed_without_prohibited_edit_action,not_exposed,not_exposed,ungrouped_or_not_exposed,9,visible_in_qbench_ui,not_separately_exposed,true,not_exposed,not_exposed,not_exposed,[],not_exposed,not_exposed,not_exposed
Equipment,fields-equipment,not_exposed,Serial Number,serial_number,not_exposed,not_exposed_without_prohibited_edit_action,optional,not_exposed_without_prohibited_edit_action,exposed_empty,,not_exposed_without_prohibited_edit_action,not_exposed_without_prohibited_edit_action,not_exposed_without_prohibited_edit_action,not_exposed_without_prohibited_edit_action,not_exposed_without_prohibited_edit_action,not_exposed_without_prohibited_edit_action,not_exposed,not_exposed,ungrouped_or_not_exposed,10,visible_in_qbench_ui,not_separately_exposed,true,not_exposed,not_exposed,not_exposed,[],not_exposed,not_exposed,not_exposed
Equipment,fields-equipment,not_exposed,Date Purchased,date_purchased,not_exposed,not_exposed_without_prohibited_edit_action,optional,not_exposed_without_prohibited_edit_action,exposed_empty,,not_exposed_without_prohibited_edit_action,not_exposed_without_prohibited_edit_action,not_exposed_without_prohibited_edit_action,not_exposed_without_prohibited_edit_action,not_exposed_without_prohibited_edit_action,not_exposed_without_prohibited_edit_action,not_exposed,not_exposed,ungrouped_or_not_exposed,11,visible_in_qbench_ui,not_separately_exposed,true,not_exposed,not_exposed,not_exposed,[],not_exposed,not_exposed,not_exposed
Equipment,fields-equipment,not_exposed,In Use Date,in_use_date,not_exposed,not_exposed_without_prohibited_edit_action,optional,not_exposed_without_prohibited_edit_action,exposed_empty,,not_exposed_without_prohibited_edit_action,not_exposed_without_prohibited_edit_action,not_exposed_without_prohibited_edit_action,not_exposed_without_prohibited_edit_action,not_exposed_without_prohibited_edit_action,not_exposed_without_prohibited_edit_action,not_exposed,not_exposed,ungrouped_or_not_exposed,12,visible_in_qbench_ui,not_separately_exposed,true,not_exposed,not_exposed,not_exposed,[],not_exposed,not_exposed,not_exposed
Equipment,fields-equipment,not_exposed,Date Disposed,date_disposed,not_exposed,not_exposed_without_prohibited_edit_action,optional,not_exposed_without_prohibited_edit_action,exposed_empty,,not_exposed_without_prohibited_edit_action,not_exposed_without_prohibited_edit_action,not_exposed_without_prohibited_edit_action,not_exposed_without_prohibited_edit_action,not_exposed_without_prohibited_edit_action,not_exposed_without_prohibited_edit_action,not_exposed,not_exposed,ungrouped_or_not_exposed,13,hidden_in_qbench_ui,not_separately_exposed,true,not_exposed,not_exposed,not_exposed,[],not_exposed,not_exposed,not_exposed
Equipment,fields-equipment,not_exposed,Internal or External Calibration,internal_external_cal,not_exposed,not_exposed_without_prohibited_edit_action,optional,not_exposed_without_prohibited_edit_action,exposed_empty,,not_exposed_without_prohibited_edit_action,not_exposed_without_prohibited_edit_action,not_exposed_without_prohibited_edit_action,not_exposed_without_prohibited_edit_action,not_exposed_without_prohibited_edit_action,not_exposed_without_prohibited_edit_action,not_exposed,not_exposed,ungrouped_or_not_exposed,14,visible_in_qbench_ui,not_separately_exposed,true,not_exposed,not_exposed,not_exposed,[],not_exposed,not_exposed,not_exposed
Equipment,fields-equipment,not_exposed,No Maintenance Required,no_maintenance_required,not_exposed,not_exposed_without_prohibited_edit_action,optional,not_exposed_without_prohibited_edit_action,not_exposed,,not_exposed_without_prohibited_edit_action,not_exposed_without_prohibited_edit_action,not_exposed_without_prohibited_edit_action,not_exposed_without_prohibited_edit_action,not_exposed_without_prohibited_edit_action,not_exposed_without_prohibited_edit_action,not_exposed,not_exposed,ungrouped_or_not_exposed,15,visible_in_qbench_ui,not_separately_exposed,not_exposed,not_exposed,not_exposed,not_exposed,[],not_exposed,not_exposed,not_exposed
Equipment,fields-equipment,not_exposed,Schedule,schedule,not_exposed,not_exposed_without_prohibited_edit_action,optional,not_exposed_without_prohibited_edit_action,not_exposed,,not_exposed_without_prohibited_edit_action,not_exposed_without_prohibited_edit_action,not_exposed_without_prohibited_edit_action,not_exposed_without_prohibited_edit_action,not_exposed_without_prohibited_edit_action,not_exposed_without_prohibited_edit_action,not_exposed,not_exposed,ungrouped_or_not_exposed,16,visible_in_qbench_ui,not_separately_exposed,not_exposed,not_exposed,not_exposed,not_exposed,[],not_exposed,not_exposed,not_exposed
Equipment,fields-equipment,not_exposed,Status,state,not_exposed,not_exposed_without_prohibited_edit_action,optional,not_exposed_without_prohibited_edit_action,not_exposed,,not_exposed_without_prohibited_edit_action,not_exposed_without_prohibited_edit_action,not_exposed_without_prohibited_edit_action,not_exposed_without_prohibited_edit_action,not_exposed_without_prohibited_edit_action,not_exposed_without_prohibited_edit_action,not_exposed,not_exposed,ungrouped_or_not_exposed,17,visible_in_qbench_ui,not_separately_exposed,not_exposed,not_exposed,not_exposed,not_exposed,[],not_exposed,not_exposed,not_exposed
Equipment,fields-equipment,not_exposed,Tags,tags,not_exposed,not_exposed_without_prohibited_edit_action,optional,not_exposed_without_prohibited_edit_action,exposed_empty,,not_exposed_without_prohibited_edit_action,not_exposed_without_prohibited_edit_action,not_exposed_without_prohibited_edit_action,not_exposed_without_prohibited_edit_action,not_exposed_without_prohibited_edit_action,not_exposed_without_prohibited_edit_action,not_exposed,not_exposed,ungrouped_or_not_exposed,18,visible_in_qbench_ui,not_separately_exposed,true,not_exposed,not_exposed,not_exposed,[],not_exposed,not_exposed,not_exposed
Equipment,fields-equipment,not_exposed,Teams,teams,not_exposed,not_exposed_without_prohibited_edit_action,optional,not_exposed_without_prohibited_edit_action,exposed_empty,,not_exposed_without_prohibited_edit_action,not_exposed_without_prohibited_edit_action,not_exposed_without_prohibited_edit_action,not_exposed_without_prohibited_edit_action,not_exposed_without_prohibited_edit_action,not_exposed_without_prohibited_edit_action,not_exposed,not_exposed,ungrouped_or_not_exposed,19,hidden_in_qbench_ui,not_separately_exposed,true,not_exposed,not_exposed,not_exposed,[],not_exposed,not_exposed,not_exposed
Equipment,fields-equipment,not_exposed,Disposal Date,disposal_date,not_exposed,not_exposed_without_prohibited_edit_action,optional,not_exposed_without_prohibited_edit_action,exposed_empty,,not_exposed_without_prohibited_edit_action,not_exposed_without_prohibited_edit_action,not_exposed_without_prohibited_edit_action,not_exposed_without_prohibited_edit_action,not_exposed_without_prohibited_edit_action,not_exposed_without_prohibited_edit_action,not_exposed,not_exposed,ungrouped_or_not_exposed,20,hidden_in_qbench_ui,not_separately_exposed,true,not_exposed,not_exposed,not_exposed,[],not_exposed,not_exposed,not_exposed
Document,fields-document,not_exposed,Name,title,not_exposed,not_exposed_without_prohibited_edit_action,required,not_exposed_without_prohibited_edit_action,not_exposed,,not_exposed_without_prohibited_edit_action,not_exposed_without_prohibited_edit_action,not_exposed_without_prohibited_edit_action,not_exposed_without_prohibited_edit_action,not_exposed_without_prohibited_edit_action,not_exposed_without_prohibited_edit_action,not_exposed,not_exposed,ungrouped_or_not_exposed,1,visible_in_qbench_ui,not_separately_exposed,not_exposed,not_exposed,not_exposed,not_exposed,[],not_exposed,not_exposed,not_exposed
Document,fields-document,not_exposed,Document Format,doc_format,not_exposed,not_exposed_without_prohibited_edit_action,optional,not_exposed_without_prohibited_edit_action,exposed_safe,[],not_exposed_without_prohibited_edit_action,not_exposed_without_prohibited_edit_action,not_exposed_without_prohibited_edit_action,not_exposed_without_prohibited_edit_action,not_exposed_without_prohibited_edit_action,not_exposed_without_prohibited_edit_action,not_exposed,not_exposed,ungrouped_or_not_exposed,2,visible_in_qbench_ui,not_separately_exposed,true,not_exposed,not_exposed,not_exposed,[],not_exposed,not_exposed,not_exposed
Document,fields-document,not_exposed,Description,description,not_exposed,not_exposed_without_prohibited_edit_action,optional,not_exposed_without_prohibited_edit_action,not_exposed,,not_exposed_without_prohibited_edit_action,not_exposed_without_prohibited_edit_action,not_exposed_without_prohibited_edit_action,not_exposed_without_prohibited_edit_action,not_exposed_without_prohibited_edit_action,not_exposed_without_prohibited_edit_action,not_exposed,not_exposed,ungrouped_or_not_exposed,3,visible_in_qbench_ui,not_separately_exposed,not_exposed,not_exposed,not_exposed,not_exposed,[],not_exposed,not_exposed,not_exposed
Document,fields-document,not_exposed,Effective Date,effective_date,not_exposed,not_exposed_without_prohibited_edit_action,optional,not_exposed_without_prohibited_edit_action,exposed_empty,,not_exposed_without_prohibited_edit_action,not_exposed_without_prohibited_edit_action,not_exposed_without_prohibited_edit_action,not_exposed_without_prohibited_edit_action,not_exposed_without_prohibited_edit_action,not_exposed_without_prohibited_edit_action,not_exposed,not_exposed,ungrouped_or_not_exposed,4,visible_in_qbench_ui,not_separately_exposed,true,not_exposed,not_exposed,not_exposed,[],not_exposed,not_exposed,not_exposed
Document,fields-document,not_exposed,Tags,tags,not_exposed,not_exposed_without_prohibited_edit_action,optional,not_exposed_without_prohibited_edit_action,not_exposed,,not_exposed_without_prohibited_edit_action,not_exposed_without_prohibited_edit_action,not_exposed_without_prohibited_edit_action,not_exposed_without_prohibited_edit_action,not_exposed_without_prohibited_edit_action,not_exposed_without_prohibited_edit_action,not_exposed,not_exposed,ungrouped_or_not_exposed,5,visible_in_qbench_ui,not_separately_exposed,not_exposed,not_exposed,not_exposed,not_exposed,[],not_exposed,not_exposed,not_exposed
Document,fields-document,not_exposed,Team,team,not_exposed,not_exposed_without_prohibited_edit_action,optional,not_exposed_without_prohibited_edit_action,not_exposed,,not_exposed_without_prohibited_edit_action,not_exposed_without_prohibited_edit_action,not_exposed_without_prohibited_edit_action,not_exposed_without_prohibited_edit_action,not_exposed_without_prohibited_edit_action,not_exposed_without_prohibited_edit_action,not_exposed,not_exposed,ungrouped_or_not_exposed,6,visible_in_qbench_ui,not_separately_exposed,not_exposed,not_exposed,not_exposed,not_exposed,[],not_exposed,not_exposed,not_exposed
Document,fields-document,not_exposed,Approvers,approvers,not_exposed,not_exposed_without_prohibited_edit_action,optional,not_exposed_without_prohibited_edit_action,not_exposed,,not_exposed_without_prohibited_edit_action,not_exposed_without_prohibited_edit_action,not_exposed_without_prohibited_edit_action,not_exposed_without_prohibited_edit_action,not_exposed_without_prohibited_edit_action,not_exposed_without_prohibited_edit_action,not_exposed,not_exposed,ungrouped_or_not_exposed,7,visible_in_qbench_ui,not_separately_exposed,not_exposed,not_exposed,not_exposed,not_exposed,[],not_exposed,not_exposed,not_exposed
Issue,fields-issue,not_exposed,Title,title,not_exposed,not_exposed_without_prohibited_edit_action,required,not_exposed_without_prohibited_edit_action,exposed_empty,,not_exposed_without_prohibited_edit_action,not_exposed_without_prohibited_edit_action,not_exposed_without_prohibited_edit_action,not_exposed_without_prohibited_edit_action,not_exposed_without_prohibited_edit_action,not_exposed_without_prohibited_edit_action,not_exposed,not_exposed,ungrouped_or_not_exposed,1,visible_in_qbench_ui,not_separately_exposed,true,not_exposed,not_exposed,not_exposed,[],not_exposed,not_exposed,not_exposed
Issue,fields-issue,not_exposed,Description,description,not_exposed,not_exposed_without_prohibited_edit_action,optional,not_exposed_without_prohibited_edit_action,exposed_empty,,not_exposed_without_prohibited_edit_action,not_exposed_without_prohibited_edit_action,not_exposed_without_prohibited_edit_action,not_exposed_without_prohibited_edit_action,not_exposed_without_prohibited_edit_action,not_exposed_without_prohibited_edit_action,not_exposed,not_exposed,ungrouped_or_not_exposed,2,visible_in_qbench_ui,not_separately_exposed,true,not_exposed,not_exposed,not_exposed,[],not_exposed,not_exposed,not_exposed
Issue,fields-issue,not_exposed,Type of Issue,type_of_issue,not_exposed,not_exposed_without_prohibited_edit_action,optional,not_exposed_without_prohibited_edit_action,exposed_empty,,not_exposed_without_prohibited_edit_action,not_exposed_without_prohibited_edit_action,not_exposed_without_prohibited_edit_action,not_exposed_without_prohibited_edit_action,not_exposed_without_prohibited_edit_action,not_exposed_without_prohibited_edit_action,not_exposed,not_exposed,ungrouped_or_not_exposed,3,visible_in_qbench_ui,not_separately_exposed,true,not_exposed,not_exposed,not_exposed,[],not_exposed,not_exposed,not_exposed
Issue,fields-issue,not_exposed,Status,status,not_exposed,not_exposed_without_prohibited_edit_action,optional,not_exposed_without_prohibited_edit_action,exposed_empty,,not_exposed_without_prohibited_edit_action,not_exposed_without_prohibited_edit_action,not_exposed_without_prohibited_edit_action,not_exposed_without_prohibited_edit_action,not_exposed_without_prohibited_edit_action,not_exposed_without_prohibited_edit_action,not_exposed,not_exposed,ungrouped_or_not_exposed,4,visible_in_qbench_ui,not_separately_exposed,true,not_exposed,not_exposed,not_exposed,[],not_exposed,not_exposed,not_exposed
Issue,fields-issue,not_exposed,Priority,priority,not_exposed,not_exposed_without_prohibited_edit_action,optional,not_exposed_without_prohibited_edit_action,exposed_empty,,not_exposed_without_prohibited_edit_action,not_exposed_without_prohibited_edit_action,not_exposed_without_prohibited_edit_action,not_exposed_without_prohibited_edit_action,not_exposed_without_prohibited_edit_action,not_exposed_without_prohibited_edit_action,not_exposed,not_exposed,ungrouped_or_not_exposed,5,visible_in_qbench_ui,not_separately_exposed,true,not_exposed,not_exposed,not_exposed,[],not_exposed,not_exposed,not_exposed
Issue,fields-issue,not_exposed,Category,category,not_exposed,not_exposed_without_prohibited_edit_action,optional,not_exposed_without_prohibited_edit_action,exposed_empty,,not_exposed_without_prohibited_edit_action,not_exposed_without_prohibited_edit_action,not_exposed_without_prohibited_edit_action,not_exposed_without_prohibited_edit_action,not_exposed_without_prohibited_edit_action,not_exposed_without_prohibited_edit_action,not_exposed,not_exposed,ungrouped_or_not_exposed,6,visible_in_qbench_ui,not_separately_exposed,true,not_exposed,not_exposed,not_exposed,[],not_exposed,not_exposed,not_exposed
Issue,fields-issue,not_exposed,Assigned To,assigned_to,not_exposed,not_exposed_without_prohibited_edit_action,optional,not_exposed_without_prohibited_edit_action,exposed_empty,,not_exposed_without_prohibited_edit_action,not_exposed_without_prohibited_edit_action,not_exposed_without_prohibited_edit_action,not_exposed_without_prohibited_edit_action,not_exposed_without_prohibited_edit_action,not_exposed_without_prohibited_edit_action,not_exposed,not_exposed,ungrouped_or_not_exposed,7,visible_in_qbench_ui,not_separately_exposed,true,not_exposed,not_exposed,not_exposed,[],not_exposed,not_exposed,not_exposed
Issue,fields-issue,not_exposed,Risk Evaluation - At Closing,risk_evaluation,not_exposed,not_exposed_without_prohibited_edit_action,optional,not_exposed_without_prohibited_edit_action,exposed_empty,,not_exposed_without_prohibited_edit_action,not_exposed_without_prohibited_edit_action,not_exposed_without_prohibited_edit_action,not_exposed_without_prohibited_edit_action,not_exposed_without_prohibited_edit_action,not_exposed_without_prohibited_edit_action,not_exposed,not_exposed,ungrouped_or_not_exposed,8,visible_in_qbench_ui,not_separately_exposed,true,not_exposed,not_exposed,not_exposed,[],not_exposed,not_exposed,not_exposed
Issue,fields-issue,not_exposed,Team,team,not_exposed,not_exposed_without_prohibited_edit_action,optional,not_exposed_without_prohibited_edit_action,exposed_empty,,not_exposed_without_prohibited_edit_action,not_exposed_without_prohibited_edit_action,not_exposed_without_prohibited_edit_action,not_exposed_without_prohibited_edit_action,not_exposed_without_prohibited_edit_action,not_exposed_without_prohibited_edit_action,not_exposed,not_exposed,ungrouped_or_not_exposed,9,visible_in_qbench_ui,not_separately_exposed,true,not_exposed,not_exposed,not_exposed,[],not_exposed,not_exposed,not_exposed
Issue,fields-issue,not_exposed,Date Opened,date_opened,not_exposed,not_exposed_without_prohibited_edit_action,optional,not_exposed_without_prohibited_edit_action,exposed_empty,,not_exposed_without_prohibited_edit_action,not_exposed_without_prohibited_edit_action,not_exposed_without_prohibited_edit_action,not_exposed_without_prohibited_edit_action,not_exposed_without_prohibited_edit_action,not_exposed_without_prohibited_edit_action,not_exposed,not_exposed,ungrouped_or_not_exposed,10,visible_in_qbench_ui,not_separately_exposed,true,not_exposed,not_exposed,not_exposed,[],not_exposed,not_exposed,not_exposed
Issue,fields-issue,not_exposed,Due Date,due_date,not_exposed,not_exposed_without_prohibited_edit_action,optional,not_exposed_without_prohibited_edit_action,exposed_empty,,not_exposed_without_prohibited_edit_action,not_exposed_without_prohibited_edit_action,not_exposed_without_prohibited_edit_action,not_exposed_without_prohibited_edit_action,not_exposed_without_prohibited_edit_action,not_exposed_without_prohibited_edit_action,not_exposed,not_exposed,ungrouped_or_not_exposed,11,visible_in_qbench_ui,not_separately_exposed,true,not_exposed,not_exposed,not_exposed,[],not_exposed,not_exposed,not_exposed
Issue,fields-issue,not_exposed,Action Taken,action_taken,not_exposed,not_exposed_without_prohibited_edit_action,optional,not_exposed_without_prohibited_edit_action,exposed_empty,,not_exposed_without_prohibited_edit_action,not_exposed_without_prohibited_edit_action,not_exposed_without_prohibited_edit_action,not_exposed_without_prohibited_edit_action,not_exposed_without_prohibited_edit_action,not_exposed_without_prohibited_edit_action,not_exposed,not_exposed,ungrouped_or_not_exposed,12,visible_in_qbench_ui,not_separately_exposed,true,not_exposed,not_exposed,not_exposed,[],not_exposed,not_exposed,not_exposed
Issue,fields-issue,not_exposed,Date Closed,date_closed,not_exposed,not_exposed_without_prohibited_edit_action,optional,not_exposed_without_prohibited_edit_action,exposed_empty,,not_exposed_without_prohibited_edit_action,not_exposed_without_prohibited_edit_action,not_exposed_without_prohibited_edit_action,not_exposed_without_prohibited_edit_action,not_exposed_without_prohibited_edit_action,not_exposed_without_prohibited_edit_action,not_exposed,not_exposed,ungrouped_or_not_exposed,13,visible_in_qbench_ui,not_separately_exposed,true,not_exposed,not_exposed,not_exposed,[],not_exposed,not_exposed,not_exposed
Issue,fields-issue,not_exposed,CAPA Required,capa_required,not_exposed,not_exposed_without_prohibited_edit_action,optional,not_exposed_without_prohibited_edit_action,exposed_empty,,not_exposed_without_prohibited_edit_action,not_exposed_without_prohibited_edit_action,not_exposed_without_prohibited_edit_action,not_exposed_without_prohibited_edit_action,not_exposed_without_prohibited_edit_action,not_exposed_without_prohibited_edit_action,not_exposed,not_exposed,ungrouped_or_not_exposed,14,hidden_in_qbench_ui,not_separately_exposed,true,not_exposed,not_exposed,not_exposed,[],not_exposed,not_exposed,not_exposed
Location,fields-location,not_exposed,Name,name,not_exposed,not_exposed_without_prohibited_edit_action,required,not_exposed_without_prohibited_edit_action,not_exposed,,not_exposed_without_prohibited_edit_action,not_exposed_without_prohibited_edit_action,not_exposed_without_prohibited_edit_action,not_exposed_without_prohibited_edit_action,not_exposed_without_prohibited_edit_action,not_exposed_without_prohibited_edit_action,not_exposed,not_exposed,ungrouped_or_not_exposed,1,visible_in_qbench_ui,not_separately_exposed,not_exposed,not_exposed,not_exposed,not_exposed,[],not_exposed,not_exposed,not_exposed
Location,fields-location,not_exposed,Location Address,location_address,not_exposed,not_exposed_without_prohibited_edit_action,optional,not_exposed_without_prohibited_edit_action,exposed_empty,,not_exposed_without_prohibited_edit_action,not_exposed_without_prohibited_edit_action,not_exposed_without_prohibited_edit_action,not_exposed_without_prohibited_edit_action,not_exposed_without_prohibited_edit_action,not_exposed_without_prohibited_edit_action,not_exposed,not_exposed,ungrouped_or_not_exposed,2,visible_in_qbench_ui,not_separately_exposed,true,not_exposed,not_exposed,not_exposed,[],not_exposed,not_exposed,not_exposed
Location,fields-location,not_exposed,Description,description,not_exposed,not_exposed_without_prohibited_edit_action,optional,not_exposed_without_prohibited_edit_action,not_exposed,,not_exposed_without_prohibited_edit_action,not_exposed_without_prohibited_edit_action,not_exposed_without_prohibited_edit_action,not_exposed_without_prohibited_edit_action,not_exposed_without_prohibited_edit_action,not_exposed_without_prohibited_edit_action,not_exposed,not_exposed,ungrouped_or_not_exposed,3,visible_in_qbench_ui,not_separately_exposed,not_exposed,not_exposed,not_exposed,not_exposed,[],not_exposed,not_exposed,not_exposed
Location,fields-location,not_exposed,Lab License Type & Number,lab_license_no,not_exposed,not_exposed_without_prohibited_edit_action,optional,not_exposed_without_prohibited_edit_action,exposed_empty,,not_exposed_without_prohibited_edit_action,not_exposed_without_prohibited_edit_action,not_exposed_without_prohibited_edit_action,not_exposed_without_prohibited_edit_action,not_exposed_without_prohibited_edit_action,not_exposed_without_prohibited_edit_action,not_exposed,not_exposed,ungrouped_or_not_exposed,4,visible_in_qbench_ui,not_separately_exposed,true,not_exposed,not_exposed,not_exposed,[],not_exposed,not_exposed,not_exposed
Location,fields-location,not_exposed,METRC No (If applicable),metrc_no,not_exposed,not_exposed_without_prohibited_edit_action,optional,not_exposed_without_prohibited_edit_action,exposed_empty,,not_exposed_without_prohibited_edit_action,not_exposed_without_prohibited_edit_action,not_exposed_without_prohibited_edit_action,not_exposed_without_prohibited_edit_action,not_exposed_without_prohibited_edit_action,not_exposed_without_prohibited_edit_action,not_exposed,not_exposed,ungrouped_or_not_exposed,5,visible_in_qbench_ui,not_separately_exposed,true,not_exposed,not_exposed,not_exposed,[],not_exposed,not_exposed,not_exposed
Location,fields-location,not_exposed,Tags,tags,not_exposed,not_exposed_without_prohibited_edit_action,optional,not_exposed_without_prohibited_edit_action,not_exposed,,not_exposed_without_prohibited_edit_action,not_exposed_without_prohibited_edit_action,not_exposed_without_prohibited_edit_action,not_exposed_without_prohibited_edit_action,not_exposed_without_prohibited_edit_action,not_exposed_without_prohibited_edit_action,not_exposed,not_exposed,ungrouped_or_not_exposed,6,visible_in_qbench_ui,not_separately_exposed,not_exposed,not_exposed,not_exposed,not_exposed,[],not_exposed,not_exposed,not_exposed
Inventory Item,fields-inventoryitem,not_exposed,Name,name,not_exposed,not_exposed_without_prohibited_edit_action,required,not_exposed_without_prohibited_edit_action,not_exposed,,not_exposed_without_prohibited_edit_action,not_exposed_without_prohibited_edit_action,not_exposed_without_prohibited_edit_action,not_exposed_without_prohibited_edit_action,not_exposed_without_prohibited_edit_action,not_exposed_without_prohibited_edit_action,not_exposed,not_exposed,ungrouped_or_not_exposed,1,visible_in_qbench_ui,not_separately_exposed,not_exposed,not_exposed,not_exposed,not_exposed,[],not_exposed,not_exposed,not_exposed
Inventory Item,fields-inventoryitem,not_exposed,Category,category,not_exposed,not_exposed_without_prohibited_edit_action,optional,not_exposed_without_prohibited_edit_action,not_exposed,,not_exposed_without_prohibited_edit_action,not_exposed_without_prohibited_edit_action,not_exposed_without_prohibited_edit_action,not_exposed_without_prohibited_edit_action,not_exposed_without_prohibited_edit_action,not_exposed_without_prohibited_edit_action,not_exposed,not_exposed,ungrouped_or_not_exposed,2,visible_in_qbench_ui,not_separately_exposed,not_exposed,not_exposed,not_exposed,not_exposed,[],not_exposed,not_exposed,not_exposed
Inventory Item,fields-inventoryitem,not_exposed,Description,description,not_exposed,not_exposed_without_prohibited_edit_action,optional,not_exposed_without_prohibited_edit_action,not_exposed,,not_exposed_without_prohibited_edit_action,not_exposed_without_prohibited_edit_action,not_exposed_without_prohibited_edit_action,not_exposed_without_prohibited_edit_action,not_exposed_without_prohibited_edit_action,not_exposed_without_prohibited_edit_action,not_exposed,not_exposed,ungrouped_or_not_exposed,3,visible_in_qbench_ui,not_separately_exposed,not_exposed,not_exposed,not_exposed,not_exposed,[],not_exposed,not_exposed,not_exposed
Inventory Item,fields-inventoryitem,not_exposed,Supplier,supplier,not_exposed,not_exposed_without_prohibited_edit_action,optional,not_exposed_without_prohibited_edit_action,not_exposed,,not_exposed_without_prohibited_edit_action,not_exposed_without_prohibited_edit_action,not_exposed_without_prohibited_edit_action,not_exposed_without_prohibited_edit_action,not_exposed_without_prohibited_edit_action,not_exposed_without_prohibited_edit_action,not_exposed,not_exposed,ungrouped_or_not_exposed,4,visible_in_qbench_ui,not_separately_exposed,not_exposed,not_exposed,not_exposed,not_exposed,[],not_exposed,not_exposed,not_exposed
Inventory Item,fields-inventoryitem,not_exposed,Manufacturer (If Different from Supplier) - FIGURE OUT HOW TO GET SUPPLIER DROPDOWN IN HERE,manufacturer,not_exposed,not_exposed_without_prohibited_edit_action,optional,not_exposed_without_prohibited_edit_action,exposed_empty,,not_exposed_without_prohibited_edit_action,not_exposed_without_prohibited_edit_action,not_exposed_without_prohibited_edit_action,not_exposed_without_prohibited_edit_action,not_exposed_without_prohibited_edit_action,not_exposed_without_prohibited_edit_action,not_exposed,not_exposed,ungrouped_or_not_exposed,5,visible_in_qbench_ui,not_separately_exposed,true,not_exposed,not_exposed,not_exposed,[],not_exposed,not_exposed,not_exposed
Inventory Item,fields-inventoryitem,not_exposed,Catalog Number,catalog_number,not_exposed,not_exposed_without_prohibited_edit_action,optional,not_exposed_without_prohibited_edit_action,not_exposed,,not_exposed_without_prohibited_edit_action,not_exposed_without_prohibited_edit_action,not_exposed_without_prohibited_edit_action,not_exposed_without_prohibited_edit_action,not_exposed_without_prohibited_edit_action,not_exposed_without_prohibited_edit_action,not_exposed,not_exposed,ungrouped_or_not_exposed,6,visible_in_qbench_ui,not_separately_exposed,not_exposed,not_exposed,not_exposed,not_exposed,[],not_exposed,not_exposed,not_exposed
Inventory Item,fields-inventoryitem,not_exposed,Inventory Item URL,inventory_item_url,not_exposed,not_exposed_without_prohibited_edit_action,optional,not_exposed_without_prohibited_edit_action,exposed_empty,,not_exposed_without_prohibited_edit_action,not_exposed_without_prohibited_edit_action,not_exposed_without_prohibited_edit_action,not_exposed_without_prohibited_edit_action,not_exposed_without_prohibited_edit_action,not_exposed_without_prohibited_edit_action,not_exposed,not_exposed,ungrouped_or_not_exposed,7,visible_in_qbench_ui,not_separately_exposed,true,not_exposed,not_exposed,not_exposed,[],not_exposed,not_exposed,not_exposed
Inventory Item,fields-inventoryitem,not_exposed,Units,units,not_exposed,not_exposed_without_prohibited_edit_action,optional,not_exposed_without_prohibited_edit_action,not_exposed,,not_exposed_without_prohibited_edit_action,not_exposed_without_prohibited_edit_action,not_exposed_without_prohibited_edit_action,not_exposed_without_prohibited_edit_action,not_exposed_without_prohibited_edit_action,not_exposed_without_prohibited_edit_action,not_exposed,not_exposed,ungrouped_or_not_exposed,8,visible_in_qbench_ui,not_separately_exposed,not_exposed,not_exposed,not_exposed,not_exposed,[],not_exposed,not_exposed,not_exposed
Inventory Item,fields-inventoryitem,not_exposed,Size,size,not_exposed,not_exposed_without_prohibited_edit_action,optional,not_exposed_without_prohibited_edit_action,not_exposed,,not_exposed_without_prohibited_edit_action,not_exposed_without_prohibited_edit_action,not_exposed_without_prohibited_edit_action,not_exposed_without_prohibited_edit_action,not_exposed_without_prohibited_edit_action,not_exposed_without_prohibited_edit_action,not_exposed,not_exposed,ungrouped_or_not_exposed,9,visible_in_qbench_ui,not_separately_exposed,not_exposed,not_exposed,not_exposed,not_exposed,[],not_exposed,not_exposed,not_exposed
Inventory Item,fields-inventoryitem,not_exposed,Tags,tags,not_exposed,not_exposed_without_prohibited_edit_action,optional,not_exposed_without_prohibited_edit_action,not_exposed,,not_exposed_without_prohibited_edit_action,not_exposed_without_prohibited_edit_action,not_exposed_without_prohibited_edit_action,not_exposed_without_prohibited_edit_action,not_exposed_without_prohibited_edit_action,not_exposed_without_prohibited_edit_action,not_exposed,not_exposed,ungrouped_or_not_exposed,10,visible_in_qbench_ui,not_separately_exposed,not_exposed,not_exposed,not_exposed,not_exposed,[],not_exposed,not_exposed,not_exposed
Inventory Item,fields-inventoryitem,not_exposed,Worksheet,worksheet,not_exposed,not_exposed_without_prohibited_edit_action,optional,not_exposed_without_prohibited_edit_action,not_exposed,,not_exposed_without_prohibited_edit_action,not_exposed_without_prohibited_edit_action,not_exposed_without_prohibited_edit_action,not_exposed_without_prohibited_edit_action,not_exposed_without_prohibited_edit_action,not_exposed_without_prohibited_edit_action,not_exposed,not_exposed,ungrouped_or_not_exposed,11,hidden_in_qbench_ui,not_separately_exposed,not_exposed,not_exposed,not_exposed,not_exposed,[],not_exposed,not_exposed,not_exposed
Inventory Item,fields-inventoryitem,not_exposed,Stock Default Price,stock_default_price,not_exposed,not_exposed_without_prohibited_edit_action,optional,not_exposed_without_prohibited_edit_action,not_exposed,,not_exposed_without_prohibited_edit_action,not_exposed_without_prohibited_edit_action,not_exposed_without_prohibited_edit_action,not_exposed_without_prohibited_edit_action,not_exposed_without_prohibited_edit_action,not_exposed_without_prohibited_edit_action,not_exposed,not_exposed,ungrouped_or_not_exposed,12,visible_in_qbench_ui,not_separately_exposed,not_exposed,not_exposed,not_exposed,not_exposed,[],not_exposed,not_exposed,not_exposed
Inventory Stock,fields-inventorystock,not_exposed,Lot Number,lot_number,not_exposed,not_exposed_without_prohibited_edit_action,optional,not_exposed_without_prohibited_edit_action,not_exposed,,not_exposed_without_prohibited_edit_action,not_exposed_without_prohibited_edit_action,not_exposed_without_prohibited_edit_action,not_exposed_without_prohibited_edit_action,not_exposed_without_prohibited_edit_action,not_exposed_without_prohibited_edit_action,not_exposed,not_exposed,ungrouped_or_not_exposed,1,visible_in_qbench_ui,not_separately_exposed,not_exposed,not_exposed,not_exposed,not_exposed,[],not_exposed,not_exposed,not_exposed
Inventory Stock,fields-inventorystock,not_exposed,Received Date,received_date,not_exposed,not_exposed_without_prohibited_edit_action,optional,not_exposed_without_prohibited_edit_action,not_exposed,,not_exposed_without_prohibited_edit_action,not_exposed_without_prohibited_edit_action,not_exposed_without_prohibited_edit_action,not_exposed_without_prohibited_edit_action,not_exposed_without_prohibited_edit_action,not_exposed_without_prohibited_edit_action,not_exposed,not_exposed,ungrouped_or_not_exposed,2,visible_in_qbench_ui,not_separately_exposed,not_exposed,not_exposed,not_exposed,not_exposed,[],not_exposed,not_exposed,not_exposed
Inventory Stock,fields-inventorystock,not_exposed,Expiration Date,expiration_date,not_exposed,not_exposed_without_prohibited_edit_action,optional,not_exposed_without_prohibited_edit_action,not_exposed,,not_exposed_without_prohibited_edit_action,not_exposed_without_prohibited_edit_action,not_exposed_without_prohibited_edit_action,not_exposed_without_prohibited_edit_action,not_exposed_without_prohibited_edit_action,not_exposed_without_prohibited_edit_action,not_exposed,not_exposed,ungrouped_or_not_exposed,3,visible_in_qbench_ui,not_separately_exposed,not_exposed,not_exposed,not_exposed,not_exposed,[],not_exposed,not_exposed,not_exposed
Inventory Stock,fields-inventorystock,not_exposed,Location,location,not_exposed,not_exposed_without_prohibited_edit_action,optional,not_exposed_without_prohibited_edit_action,not_exposed,,not_exposed_without_prohibited_edit_action,not_exposed_without_prohibited_edit_action,not_exposed_without_prohibited_edit_action,not_exposed_without_prohibited_edit_action,not_exposed_without_prohibited_edit_action,not_exposed_without_prohibited_edit_action,not_exposed,not_exposed,ungrouped_or_not_exposed,4,visible_in_qbench_ui,not_separately_exposed,not_exposed,not_exposed,not_exposed,not_exposed,[],not_exposed,not_exposed,not_exposed
Inventory Stock,fields-inventorystock,not_exposed,Quantity,quantity,not_exposed,not_exposed_without_prohibited_edit_action,optional,not_exposed_without_prohibited_edit_action,not_exposed,,not_exposed_without_prohibited_edit_action,not_exposed_without_prohibited_edit_action,not_exposed_without_prohibited_edit_action,not_exposed_without_prohibited_edit_action,not_exposed_without_prohibited_edit_action,not_exposed_without_prohibited_edit_action,not_exposed,not_exposed,ungrouped_or_not_exposed,5,visible_in_qbench_ui,not_separately_exposed,not_exposed,not_exposed,not_exposed,not_exposed,[],not_exposed,not_exposed,not_exposed
Inventory Stock,fields-inventorystock,not_exposed,Price,price,not_exposed,not_exposed_without_prohibited_edit_action,optional,not_exposed_without_prohibited_edit_action,not_exposed,,not_exposed_without_prohibited_edit_action,not_exposed_without_prohibited_edit_action,not_exposed_without_prohibited_edit_action,not_exposed_without_prohibited_edit_action,not_exposed_without_prohibited_edit_action,not_exposed_without_prohibited_edit_action,not_exposed,not_exposed,ungrouped_or_not_exposed,6,visible_in_qbench_ui,not_separately_exposed,not_exposed,not_exposed,not_exposed,not_exposed,[],not_exposed,not_exposed,not_exposed
Inventory Stock,fields-inventorystock,not_exposed,Attachments,attachments,not_exposed,not_exposed_without_prohibited_edit_action,optional,not_exposed_without_prohibited_edit_action,not_exposed,,not_exposed_without_prohibited_edit_action,not_exposed_without_prohibited_edit_action,not_exposed_without_prohibited_edit_action,not_exposed_without_prohibited_edit_action,not_exposed_without_prohibited_edit_action,not_exposed_without_prohibited_edit_action,not_exposed,not_exposed,ungrouped_or_not_exposed,7,visible_in_qbench_ui,not_separately_exposed,not_exposed,not_exposed,not_exposed,not_exposed,[],not_exposed,not_exposed,not_exposed
Inventory Stock,fields-inventorystock,not_exposed,Notes,notes,not_exposed,not_exposed_without_prohibited_edit_action,optional,not_exposed_without_prohibited_edit_action,not_exposed,,not_exposed_without_prohibited_edit_action,not_exposed_without_prohibited_edit_action,not_exposed_without_prohibited_edit_action,not_exposed_without_prohibited_edit_action,not_exposed_without_prohibited_edit_action,not_exposed_without_prohibited_edit_action,not_exposed,not_exposed,ungrouped_or_not_exposed,8,visible_in_qbench_ui,not_separately_exposed,not_exposed,not_exposed,not_exposed,not_exposed,[],not_exposed,not_exposed,not_exposed
Inventory Stock,fields-inventorystock,not_exposed,Date Consumed,date_consumed,not_exposed,not_exposed_without_prohibited_edit_action,optional,not_exposed_without_prohibited_edit_action,not_exposed,,not_exposed_without_prohibited_edit_action,not_exposed_without_prohibited_edit_action,not_exposed_without_prohibited_edit_action,not_exposed_without_prohibited_edit_action,not_exposed_without_prohibited_edit_action,not_exposed_without_prohibited_edit_action,not_exposed,not_exposed,ungrouped_or_not_exposed,9,visible_in_qbench_ui,not_separately_exposed,not_exposed,not_exposed,not_exposed,not_exposed,[],not_exposed,not_exposed,not_exposed
