worksheet_id,worksheet_name,worksheet_type,list_status,version_id,version_number,version_status,active,selected_at_initial_capture,version_label,version_note,status_display,export_required,export_requirement_reason,export_result,artifact_path,screenshot_path,capture_method,detail_url,blocker
80,Aspergillus Microbial Analysis [Batch WS],Dynamic Spreadsheet,Active,548,9,APPROVED,true,true,9 - APPROVED (ACTIVE),,APPROVED Active since 05/28/2026,true,active_approved,blocked_browser_tooling_no_download_event,,,DOM extraction,https://ait.qbench.net/worksheet?id=80,Native Export Spreadsheet control produced no downloadable file through available browser tooling.
80,Aspergillus Microbial Analysis [Batch WS],Dynamic Spreadsheet,Active,539,8,APPROVED,false,false,8 - APPROVED,,APPROVED,false,,not_required_by_version_policy,,,DOM extraction,https://ait.qbench.net/worksheet?id=80,
80,Aspergillus Microbial Analysis [Batch WS],Dynamic Spreadsheet,Active,538,7,APPROVED,false,false,7 - APPROVED,,APPROVED,false,,not_required_by_version_policy,,,DOM extraction,https://ait.qbench.net/worksheet?id=80,
80,Aspergillus Microbial Analysis [Batch WS],Dynamic Spreadsheet,Active,517,6,REJECTED,false,false,6 - REJECTED,,REJECTED,false,,not_required_by_version_policy,,,DOM extraction,https://ait.qbench.net/worksheet?id=80,
80,Aspergillus Microbial Analysis [Batch WS],Dynamic Spreadsheet,Active,363,5,APPROVED,false,false,5 - APPROVED,,APPROVED,false,,not_required_by_version_policy,,,DOM extraction,https://ait.qbench.net/worksheet?id=80,
80,Aspergillus Microbial Analysis [Batch WS],Dynamic Spreadsheet,Active,362,4,APPROVED,false,false,4 - APPROVED,,APPROVED,false,,not_required_by_version_policy,,,DOM extraction,https://ait.qbench.net/worksheet?id=80,
80,Aspergillus Microbial Analysis [Batch WS],Dynamic Spreadsheet,Active,360,3,APPROVED,false,false,3 - APPROVED,,APPROVED,false,,not_required_by_version_policy,,,DOM extraction,https://ait.qbench.net/worksheet?id=80,
80,Aspergillus Microbial Analysis [Batch WS],Dynamic Spreadsheet,Active,359,2,APPROVED,false,false,2 - APPROVED,,APPROVED,false,,not_required_by_version_policy,,,DOM extraction,https://ait.qbench.net/worksheet?id=80,
80,Aspergillus Microbial Analysis [Batch WS],Dynamic Spreadsheet,Active,260,1,APPROVED,false,false,1 - APPROVED,,APPROVED,false,,not_required_by_version_policy,,,DOM extraction,https://ait.qbench.net/worksheet?id=80,
7,Cannabinoid Potency [Batch] Worksheet,Dynamic Spreadsheet,Active,672,16,APPROVED,true,true,16 - APPROVED (ACTIVE),,APPROVED Active since 07/30/2026,true,active_approved,blocked_browser_tooling_no_download_event,,,DOM extraction,https://ait.qbench.net/worksheet?id=7,Native Export Spreadsheet control produced no downloadable file through available browser tooling.
7,Cannabinoid Potency [Batch] Worksheet,Dynamic Spreadsheet,Active,642,15,APPROVED,false,false,15 - True mass update for homogeneityh copy/paste - APPROVED,True mass update for homogeneityh copy/paste,APPROVED,false,,not_required_by_version_policy,,,DOM extraction,https://ait.qbench.net/worksheet?id=7,
7,Cannabinoid Potency [Batch] Worksheet,Dynamic Spreadsheet,Active,598,14,APPROVED,false,false,14 - APPROVED,,APPROVED,false,,not_required_by_version_policy,,,DOM extraction,https://ait.qbench.net/worksheet?id=7,
7,Cannabinoid Potency [Batch] Worksheet,Dynamic Spreadsheet,Active,597,13,PENDING,false,false,13 - PENDING,,PENDING Approve Reject,false,,not_required_by_version_policy,,,DOM extraction,https://ait.qbench.net/worksheet?id=7,
7,Cannabinoid Potency [Batch] Worksheet,Dynamic Spreadsheet,Active,564,12,APPROVED,false,false,12 - APPROVED,,APPROVED,false,,not_required_by_version_policy,,,DOM extraction,https://ait.qbench.net/worksheet?id=7,
7,Cannabinoid Potency [Batch] Worksheet,Dynamic Spreadsheet,Active,557,11,APPROVED,false,false,11 - APPROVED,,APPROVED,false,,not_required_by_version_policy,,,DOM extraction,https://ait.qbench.net/worksheet?id=7,
7,Cannabinoid Potency [Batch] Worksheet,Dynamic Spreadsheet,Active,552,10,APPROVED,false,false,10 - APPROVED,,APPROVED,false,,not_required_by_version_policy,,,DOM extraction,https://ait.qbench.net/worksheet?id=7,
7,Cannabinoid Potency [Batch] Worksheet,Dynamic Spreadsheet,Active,460,9,APPROVED,false,false,9 - APPROVED,,APPROVED,false,,not_required_by_version_policy,,,DOM extraction,https://ait.qbench.net/worksheet?id=7,
7,Cannabinoid Potency [Batch] Worksheet,Dynamic Spreadsheet,Active,433,8,APPROVED,false,false,8 - APPROVED,,APPROVED,false,,not_required_by_version_policy,,,DOM extraction,https://ait.qbench.net/worksheet?id=7,
7,Cannabinoid Potency [Batch] Worksheet,Dynamic Spreadsheet,Active,431,7,DRAFT,false,false,7 - DRAFT,,DRAFT,false,,not_required_by_version_policy,,,DOM extraction,https://ait.qbench.net/worksheet?id=7,
7,Cannabinoid Potency [Batch] Worksheet,Dynamic Spreadsheet,Active,306,6,APPROVED,false,false,6 - APPROVED,,APPROVED,false,,not_required_by_version_policy,,,DOM extraction,https://ait.qbench.net/worksheet?id=7,
7,Cannabinoid Potency [Batch] Worksheet,Dynamic Spreadsheet,Active,305,5,PENDING,false,false,5 - PENDING,,PENDING Approve Reject,false,,not_required_by_version_policy,,,DOM extraction,https://ait.qbench.net/worksheet?id=7,
7,Cannabinoid Potency [Batch] Worksheet,Dynamic Spreadsheet,Active,287,4,PENDING,false,false,4 - PENDING,,PENDING Approve Reject,false,,not_required_by_version_policy,,,DOM extraction,https://ait.qbench.net/worksheet?id=7,
7,Cannabinoid Potency [Batch] Worksheet,Dynamic Spreadsheet,Active,251,3,APPROVED,false,false,3 - APPROVED,,APPROVED,false,,not_required_by_version_policy,,,DOM extraction,https://ait.qbench.net/worksheet?id=7,
7,Cannabinoid Potency [Batch] Worksheet,Dynamic Spreadsheet,Active,21,2,APPROVED,false,false,2 - VC-2/25/26 - APPROVED,VC-2/25/26,APPROVED,false,,not_required_by_version_policy,,,DOM extraction,https://ait.qbench.net/worksheet?id=7,
7,Cannabinoid Potency [Batch] Worksheet,Dynamic Spreadsheet,Active,9,1,REJECTED,false,false,1 - VC-2/18/26 - REJECTED,VC-2/18/26,REJECTED,false,,not_required_by_version_policy,,,DOM extraction,https://ait.qbench.net/worksheet?id=7,
8,Cannabinoid Potency [Test] Worksheet,Dynamic Spreadsheet,Active,699,60,DRAFT,false,true,60 - [AIT-88] Add named cells for METRC - DRAFT,[AIT-88] Add named cells for METRC,DRAFT,true,newer_nonactive_version,blocked_browser_tooling_no_download_event,,,DOM extraction,https://ait.qbench.net/worksheet?id=8,Native Export Spreadsheet control produced no downloadable file through available browser tooling.
8,Cannabinoid Potency [Test] Worksheet,Dynamic Spreadsheet,Active,676,59,APPROVED,true,false,59 - KV update - APPROVED (ACTIVE),KV update,APPROVED Active since 08/05/2026,true,active_approved,blocked_browser_tooling_no_download_event,,QBench/Rescans/2026-08-16/Screenshots/Worksheets/8/worksheet_8_cannabinoid-potency-test_version-selector_2026-08-16.png,DOM extraction,https://ait.qbench.net/worksheet?id=8,Native Export Spreadsheet control produced no downloadable file through available browser tooling.
8,Cannabinoid Potency [Test] Worksheet,Dynamic Spreadsheet,Active,663,58,APPROVED,false,false,58 - updated again - APPROVED,updated again,APPROVED,false,,not_required_by_version_policy,,,DOM extraction,https://ait.qbench.net/worksheet?id=8,
8,Cannabinoid Potency [Test] Worksheet,Dynamic Spreadsheet,Active,662,57,APPROVED,false,false,57 - update - APPROVED,update,APPROVED,false,,not_required_by_version_policy,,,DOM extraction,https://ait.qbench.net/worksheet?id=8,
8,Cannabinoid Potency [Test] Worksheet,Dynamic Spreadsheet,Active,661,56,APPROVED,false,false,56 - formatting - APPROVED,formatting,APPROVED,false,,not_required_by_version_policy,,,DOM extraction,https://ait.qbench.net/worksheet?id=8,
8,Cannabinoid Potency [Test] Worksheet,Dynamic Spreadsheet,Active,660,55,APPROVED,false,false,55 - mg-serving update - APPROVED,mg-serving update,APPROVED,false,,not_required_by_version_policy,,,DOM extraction,https://ait.qbench.net/worksheet?id=8,
8,Cannabinoid Potency [Test] Worksheet,Dynamic Spreadsheet,Active,659,54,APPROVED,false,false,54 - 0.000% update - APPROVED,0.000% update,APPROVED,false,,not_required_by_version_policy,,,DOM extraction,https://ait.qbench.net/worksheet?id=8,
8,Cannabinoid Potency [Test] Worksheet,Dynamic Spreadsheet,Active,624,53,DRAFT,false,false,53 - [AIT-88] Add METRC table and named cells - DRAFT,[AIT-88] Add METRC table and named cells,DRAFT,false,,not_required_by_version_policy,,,DOM extraction,https://ait.qbench.net/worksheet?id=8,
8,Cannabinoid Potency [Test] Worksheet,Dynamic Spreadsheet,Active,599,52,APPROVED,false,false,52 - Variance Fixed - APPROVED,Variance Fixed,APPROVED,false,,not_required_by_version_policy,,,DOM extraction,https://ait.qbench.net/worksheet?id=8,
8,Cannabinoid Potency [Test] Worksheet,Dynamic Spreadsheet,Active,596,51,APPROVED,false,false,51 - Hex tile edit - APPROVED,Hex tile edit,APPROVED,false,,not_required_by_version_policy,,,DOM extraction,https://ait.qbench.net/worksheet?id=8,
8,Cannabinoid Potency [Test] Worksheet,Dynamic Spreadsheet,Active,592,50,APPROVED,false,false,50 - New edit - APPROVED,New edit,APPROVED,false,,not_required_by_version_policy,,,DOM extraction,https://ait.qbench.net/worksheet?id=8,
8,Cannabinoid Potency [Test] Worksheet,Dynamic Spreadsheet,Active,589,49,DRAFT,false,false,49 - QSUP-3672 - DRAFT,QSUP-3672,DRAFT,false,,not_required_by_version_policy,,,DOM extraction,https://ait.qbench.net/worksheet?id=8,
8,Cannabinoid Potency [Test] Worksheet,Dynamic Spreadsheet,Active,567,48,APPROVED,false,false,48 - QSUP-3682 - Remove trailing newline from CBN Product Label token - APPROVED,QSUP-3682 - Remove trailing newline from CBN Product Label token,APPROVED,false,,not_required_by_version_policy,,,DOM extraction,https://ait.qbench.net/worksheet?id=8,
8,Cannabinoid Potency [Test] Worksheet,Dynamic Spreadsheet,Active,556,47,APPROVED,false,false,47 - APPROVED,,APPROVED,false,,not_required_by_version_policy,,,DOM extraction,https://ait.qbench.net/worksheet?id=8,
8,Cannabinoid Potency [Test] Worksheet,Dynamic Spreadsheet,Active,554,46,APPROVED,false,false,46 - APPROVED,,APPROVED,false,,not_required_by_version_policy,,,DOM extraction,https://ait.qbench.net/worksheet?id=8,
8,Cannabinoid Potency [Test] Worksheet,Dynamic Spreadsheet,Active,553,45,DRAFT,false,false,45 - [AIT-88] Add METRC table and named cells - DRAFT,[AIT-88] Add METRC table and named cells,DRAFT,false,,not_required_by_version_policy,,,DOM extraction,https://ait.qbench.net/worksheet?id=8,
8,Cannabinoid Potency [Test] Worksheet,Dynamic Spreadsheet,Active,514,44,DRAFT,false,false,44 - DRAFT,,DRAFT,false,,not_required_by_version_policy,,,DOM extraction,https://ait.qbench.net/worksheet?id=8,
8,Cannabinoid Potency [Test] Worksheet,Dynamic Spreadsheet,Active,494,43,APPROVED,false,false,43 - VC - total thc - APPROVED,VC - total thc,APPROVED,false,,not_required_by_version_policy,,,DOM extraction,https://ait.qbench.net/worksheet?id=8,
8,Cannabinoid Potency [Test] Worksheet,Dynamic Spreadsheet,Active,488,42,APPROVED,false,false,42 - APPROVED,,APPROVED,false,,not_required_by_version_policy,,,DOM extraction,https://ait.qbench.net/worksheet?id=8,
8,Cannabinoid Potency [Test] Worksheet,Dynamic Spreadsheet,Active,487,41,DRAFT,false,false,41 - DRAFT,,DRAFT,false,,not_required_by_version_policy,,,DOM extraction,https://ait.qbench.net/worksheet?id=8,
8,Cannabinoid Potency [Test] Worksheet,Dynamic Spreadsheet,Active,486,40,APPROVED,false,false,40 - APPROVED,,APPROVED,false,,not_required_by_version_policy,,,DOM extraction,https://ait.qbench.net/worksheet?id=8,
8,Cannabinoid Potency [Test] Worksheet,Dynamic Spreadsheet,Active,478,39,APPROVED,false,false,39 - Fixed display logic - APPROVED,Fixed display logic,APPROVED,false,,not_required_by_version_policy,,,DOM extraction,https://ait.qbench.net/worksheet?id=8,
8,Cannabinoid Potency [Test] Worksheet,Dynamic Spreadsheet,Active,477,38,APPROVED,false,false,38 - To Fix THCV & THCVa - APPROVED,To Fix THCV & THCVa,APPROVED,false,,not_required_by_version_policy,,,DOM extraction,https://ait.qbench.net/worksheet?id=8,
8,Cannabinoid Potency [Test] Worksheet,Dynamic Spreadsheet,Active,476,37,APPROVED,false,false,37 - Fixed - APPROVED,Fixed,APPROVED,false,,not_required_by_version_policy,,,DOM extraction,https://ait.qbench.net/worksheet?id=8,
8,Cannabinoid Potency [Test] Worksheet,Dynamic Spreadsheet,Active,475,36,APPROVED,false,false,36 - Expanded config correct - APPROVED,Expanded config correct,APPROVED,false,,not_required_by_version_policy,,,DOM extraction,https://ait.qbench.net/worksheet?id=8,
8,Cannabinoid Potency [Test] Worksheet,Dynamic Spreadsheet,Active,474,35,APPROVED,false,false,35 - SC customization - APPROVED,SC customization,APPROVED,false,,not_required_by_version_policy,,,DOM extraction,https://ait.qbench.net/worksheet?id=8,
8,Cannabinoid Potency [Test] Worksheet,Dynamic Spreadsheet,Active,473,34,PENDING,false,false,34 - Expanded config fix - PENDING,Expanded config fix,PENDING Approve Reject,false,,not_required_by_version_policy,,,DOM extraction,https://ait.qbench.net/worksheet?id=8,
8,Cannabinoid Potency [Test] Worksheet,Dynamic Spreadsheet,Active,472,33,APPROVED,false,false,33 - APPROVED,,APPROVED,false,,not_required_by_version_policy,,,DOM extraction,https://ait.qbench.net/worksheet?id=8,
8,Cannabinoid Potency [Test] Worksheet,Dynamic Spreadsheet,Active,471,32,APPROVED,false,false,32 - APPROVED,,APPROVED,false,,not_required_by_version_policy,,,DOM extraction,https://ait.qbench.net/worksheet?id=8,
8,Cannabinoid Potency [Test] Worksheet,Dynamic Spreadsheet,Active,470,31,APPROVED,false,false,31 - APPROVED,,APPROVED,false,,not_required_by_version_policy,,,DOM extraction,https://ait.qbench.net/worksheet?id=8,
8,Cannabinoid Potency [Test] Worksheet,Dynamic Spreadsheet,Active,469,30,APPROVED,false,false,30 - APPROVED,,APPROVED,false,,not_required_by_version_policy,,,DOM extraction,https://ait.qbench.net/worksheet?id=8,
8,Cannabinoid Potency [Test] Worksheet,Dynamic Spreadsheet,Active,468,29,APPROVED,false,false,29 - Draft with columns exposed for QBench troubleshooting - APPROVED,Draft with columns exposed for QBench troubleshooting,APPROVED,false,,not_required_by_version_policy,,,DOM extraction,https://ait.qbench.net/worksheet?id=8,
8,Cannabinoid Potency [Test] Worksheet,Dynamic Spreadsheet,Active,467,28,APPROVED,false,false,28 - APPROVED,,APPROVED,false,,not_required_by_version_policy,,,DOM extraction,https://ait.qbench.net/worksheet?id=8,
8,Cannabinoid Potency [Test] Worksheet,Dynamic Spreadsheet,Active,466,27,OBSOLETE,false,false,27 - OBSOLETE,,OBSOLETE,false,,not_required_by_version_policy,,,DOM extraction,https://ait.qbench.net/worksheet?id=8,
8,Cannabinoid Potency [Test] Worksheet,Dynamic Spreadsheet,Active,465,26,APPROVED,false,false,26 - APPROVED,,APPROVED,false,,not_required_by_version_policy,,,DOM extraction,https://ait.qbench.net/worksheet?id=8,
8,Cannabinoid Potency [Test] Worksheet,Dynamic Spreadsheet,Active,464,25,OBSOLETE,false,false,25 - OBSOLETE,,OBSOLETE,false,,not_required_by_version_policy,,,DOM extraction,https://ait.qbench.net/worksheet?id=8,
8,Cannabinoid Potency [Test] Worksheet,Dynamic Spreadsheet,Active,463,24,APPROVED,false,false,24 - APPROVED,,APPROVED,false,,not_required_by_version_policy,,,DOM extraction,https://ait.qbench.net/worksheet?id=8,
8,Cannabinoid Potency [Test] Worksheet,Dynamic Spreadsheet,Active,462,23,APPROVED,false,false,23 - APPROVED,,APPROVED,false,,not_required_by_version_policy,,,DOM extraction,https://ait.qbench.net/worksheet?id=8,
8,Cannabinoid Potency [Test] Worksheet,Dynamic Spreadsheet,Active,461,22,PENDING,false,false,22 - PENDING,,PENDING Approve Reject,false,,not_required_by_version_policy,,,DOM extraction,https://ait.qbench.net/worksheet?id=8,
8,Cannabinoid Potency [Test] Worksheet,Dynamic Spreadsheet,Active,458,21,DRAFT,false,false,21 - DRAFT,,DRAFT,false,,not_required_by_version_policy,,,DOM extraction,https://ait.qbench.net/worksheet?id=8,
8,Cannabinoid Potency [Test] Worksheet,Dynamic Spreadsheet,Active,457,20,APPROVED,false,false,20 - APPROVED,,APPROVED,false,,not_required_by_version_policy,,,DOM extraction,https://ait.qbench.net/worksheet?id=8,
8,Cannabinoid Potency [Test] Worksheet,Dynamic Spreadsheet,Active,456,19,APPROVED,false,false,19 - APPROVED,,APPROVED,false,,not_required_by_version_policy,,,DOM extraction,https://ait.qbench.net/worksheet?id=8,
8,Cannabinoid Potency [Test] Worksheet,Dynamic Spreadsheet,Active,455,18,APPROVED,false,false,18 - APPROVED,,APPROVED,false,,not_required_by_version_policy,,,DOM extraction,https://ait.qbench.net/worksheet?id=8,
8,Cannabinoid Potency [Test] Worksheet,Dynamic Spreadsheet,Active,454,17,APPROVED,false,false,17 - APPROVED,,APPROVED,false,,not_required_by_version_policy,,,DOM extraction,https://ait.qbench.net/worksheet?id=8,
8,Cannabinoid Potency [Test] Worksheet,Dynamic Spreadsheet,Active,453,16,APPROVED,false,false,16 - APPROVED,,APPROVED,false,,not_required_by_version_policy,,,DOM extraction,https://ait.qbench.net/worksheet?id=8,
8,Cannabinoid Potency [Test] Worksheet,Dynamic Spreadsheet,Active,437,15,APPROVED,false,false,15 - APPROVED,,APPROVED,false,,not_required_by_version_policy,,,DOM extraction,https://ait.qbench.net/worksheet?id=8,
8,Cannabinoid Potency [Test] Worksheet,Dynamic Spreadsheet,Active,434,14,APPROVED,false,false,14 - APPROVED,,APPROVED,false,,not_required_by_version_policy,,,DOM extraction,https://ait.qbench.net/worksheet?id=8,
8,Cannabinoid Potency [Test] Worksheet,Dynamic Spreadsheet,Active,432,13,DRAFT,false,false,13 - DRAFT,,DRAFT,false,,not_required_by_version_policy,,,DOM extraction,https://ait.qbench.net/worksheet?id=8,
8,Cannabinoid Potency [Test] Worksheet,Dynamic Spreadsheet,Active,406,12,APPROVED,false,false,12 - APPROVED,,APPROVED,false,,not_required_by_version_policy,,,DOM extraction,https://ait.qbench.net/worksheet?id=8,
8,Cannabinoid Potency [Test] Worksheet,Dynamic Spreadsheet,Active,399,11,APPROVED,false,false,11 - VC- test background - APPROVED,VC- test background,APPROVED,false,,not_required_by_version_policy,,,DOM extraction,https://ait.qbench.net/worksheet?id=8,
8,Cannabinoid Potency [Test] Worksheet,Dynamic Spreadsheet,Active,338,10,APPROVED,false,false,10 - APPROVED,,APPROVED,false,,not_required_by_version_policy,,,DOM extraction,https://ait.qbench.net/worksheet?id=8,
8,Cannabinoid Potency [Test] Worksheet,Dynamic Spreadsheet,Active,309,9,APPROVED,false,false,9 - APPROVED,,APPROVED,false,,not_required_by_version_policy,,,DOM extraction,https://ait.qbench.net/worksheet?id=8,
8,Cannabinoid Potency [Test] Worksheet,Dynamic Spreadsheet,Active,308,8,APPROVED,false,false,8 - APPROVED,,APPROVED,false,,not_required_by_version_policy,,,DOM extraction,https://ait.qbench.net/worksheet?id=8,
8,Cannabinoid Potency [Test] Worksheet,Dynamic Spreadsheet,Active,276,7,APPROVED,false,false,7 - VC - 4/20/26 fixed KV store final - APPROVED,VC - 4/20/26 fixed KV store final,APPROVED,false,,not_required_by_version_policy,,,DOM extraction,https://ait.qbench.net/worksheet?id=8,
8,Cannabinoid Potency [Test] Worksheet,Dynamic Spreadsheet,Active,275,6,APPROVED,false,false,6 - VC test - APPROVED,VC test,APPROVED,false,,not_required_by_version_policy,,,DOM extraction,https://ait.qbench.net/worksheet?id=8,
8,Cannabinoid Potency [Test] Worksheet,Dynamic Spreadsheet,Active,274,5,APPROVED,false,false,5 - APPROVED,,APPROVED,false,,not_required_by_version_policy,,,DOM extraction,https://ait.qbench.net/worksheet?id=8,
8,Cannabinoid Potency [Test] Worksheet,Dynamic Spreadsheet,Active,273,4,APPROVED,false,false,4 - APPROVED,,APPROVED,false,,not_required_by_version_policy,,,DOM extraction,https://ait.qbench.net/worksheet?id=8,
8,Cannabinoid Potency [Test] Worksheet,Dynamic Spreadsheet,Active,272,3,APPROVED,false,false,3 - APPROVED,,APPROVED,false,,not_required_by_version_policy,,,DOM extraction,https://ait.qbench.net/worksheet?id=8,
8,Cannabinoid Potency [Test] Worksheet,Dynamic Spreadsheet,Active,252,2,APPROVED,false,false,2 - APPROVED,,APPROVED,false,,not_required_by_version_policy,,,DOM extraction,https://ait.qbench.net/worksheet?id=8,
8,Cannabinoid Potency [Test] Worksheet,Dynamic Spreadsheet,Active,10,1,REJECTED,false,false,1 - VC-2/18/26 - REJECTED,VC-2/18/26,REJECTED,false,,not_required_by_version_policy,,,DOM extraction,https://ait.qbench.net/worksheet?id=8,
39,Cannabinoid Potency {Protocol WS} Calculations and Reporting of Results,Dynamic Spreadsheet,Active,551,7,APPROVED,true,true,7 - APPROVED (ACTIVE),,APPROVED Active since 05/29/2026,true,active_approved,blocked_browser_tooling_no_download_event,,,DOM extraction,https://ait.qbench.net/worksheet?id=39,Native Export Spreadsheet control produced no downloadable file through available browser tooling.
39,Cannabinoid Potency {Protocol WS} Calculations and Reporting of Results,Dynamic Spreadsheet,Active,550,6,APPROVED,false,false,6 - APPROVED,,APPROVED,false,,not_required_by_version_policy,,,DOM extraction,https://ait.qbench.net/worksheet?id=39,
39,Cannabinoid Potency {Protocol WS} Calculations and Reporting of Results,Dynamic Spreadsheet,Active,547,5,APPROVED,false,false,5 - APPROVED,,APPROVED,false,,not_required_by_version_policy,,,DOM extraction,https://ait.qbench.net/worksheet?id=39,
39,Cannabinoid Potency {Protocol WS} Calculations and Reporting of Results,Dynamic Spreadsheet,Active,485,4,APPROVED,false,false,4 - APPROVED,,APPROVED,false,,not_required_by_version_policy,,,DOM extraction,https://ait.qbench.net/worksheet?id=39,
39,Cannabinoid Potency {Protocol WS} Calculations and Reporting of Results,Dynamic Spreadsheet,Active,88,3,APPROVED,false,false,3 - APPROVED,,APPROVED,false,,not_required_by_version_policy,,,DOM extraction,https://ait.qbench.net/worksheet?id=39,
39,Cannabinoid Potency {Protocol WS} Calculations and Reporting of Results,Dynamic Spreadsheet,Active,87,2,REJECTED,false,false,2 - REJECTED,,REJECTED,false,,not_required_by_version_policy,,,DOM extraction,https://ait.qbench.net/worksheet?id=39,
39,Cannabinoid Potency {Protocol WS} Calculations and Reporting of Results,Dynamic Spreadsheet,Active,85,1,APPROVED,false,false,1 - APPROVED,,APPROVED,false,,not_required_by_version_policy,,,DOM extraction,https://ait.qbench.net/worksheet?id=39,
37,Cannabinoid Potency {Protocol WS} HPLC Setup and Measurement,Dynamic Spreadsheet,Active,82,2,APPROVED,true,true,2 - APPROVED (ACTIVE),,APPROVED Active since 03/15/2026,true,active_approved,blocked_browser_tooling_no_download_event,,,DOM extraction,https://ait.qbench.net/worksheet?id=37,Native Export Spreadsheet control produced no downloadable file through available browser tooling.
37,Cannabinoid Potency {Protocol WS} HPLC Setup and Measurement,Dynamic Spreadsheet,Active,81,1,DRAFT,false,false,1 - DRAFT,,DRAFT,false,,not_required_by_version_policy,,,DOM extraction,https://ait.qbench.net/worksheet?id=37,
137,Cannabinoid Potency {Protocol WS} Preparation of Beverage Samples,Dynamic Spreadsheet,Active,623,2,APPROVED,true,true,2 - APPROVED (ACTIVE),,APPROVED Active since 06/23/2026,true,active_approved,blocked_browser_tooling_no_download_event,,,DOM extraction,https://ait.qbench.net/worksheet?id=137,Native Export Spreadsheet control produced no downloadable file through available browser tooling.
137,Cannabinoid Potency {Protocol WS} Preparation of Beverage Samples,Dynamic Spreadsheet,Active,574,1,APPROVED,false,false,1 - APPROVED,,APPROVED,false,,not_required_by_version_policy,,,DOM extraction,https://ait.qbench.net/worksheet?id=137,
139,Cannabinoid Potency {Protocol WS} Preparation of Beverage Samples Extraction,Dynamic Spreadsheet,Active,577,1,APPROVED,true,true,1 - APPROVED (ACTIVE),,APPROVED Active since 06/03/2026,true,active_approved,blocked_browser_tooling_no_download_event,,,DOM extraction,https://ait.qbench.net/worksheet?id=139,Native Export Spreadsheet control produced no downloadable file through available browser tooling.
138,Cannabinoid Potency {Protocol WS} Preparation of Beverage Samples QuEChERS,Dynamic Spreadsheet,Active,576,1,APPROVED,true,true,1 - APPROVED (ACTIVE),,APPROVED Active since 06/03/2026,true,active_approved,blocked_browser_tooling_no_download_event,,,DOM extraction,https://ait.qbench.net/worksheet?id=138,Native Export Spreadsheet control produced no downloadable file through available browser tooling.
145,Cannabinoid Potency {Protocol WS} Preparation of Concentrate Samples,Dynamic Spreadsheet,Active,609,1,APPROVED,true,true,1 - APPROVED (ACTIVE),,APPROVED Active since 06/23/2026,true,active_approved,blocked_browser_tooling_no_download_event,,,DOM extraction,https://ait.qbench.net/worksheet?id=145,Native Export Spreadsheet control produced no downloadable file through available browser tooling.
147,Cannabinoid Potency {Protocol WS} Preparation of Concentrate Samples Filter,Dynamic Spreadsheet,Active,611,1,APPROVED,true,true,1 - APPROVED (ACTIVE),,APPROVED Active since 06/23/2026,true,active_approved,blocked_browser_tooling_no_download_event,,,DOM extraction,https://ait.qbench.net/worksheet?id=147,Native Export Spreadsheet control produced no downloadable file through available browser tooling.
146,Cannabinoid Potency {Protocol WS} Preparation of Concentrate Samples Vortex/Sonicate,Dynamic Spreadsheet,Active,610,1,APPROVED,true,true,1 - APPROVED (ACTIVE),,APPROVED Active since 06/23/2026,true,active_approved,blocked_browser_tooling_no_download_event,,,DOM extraction,https://ait.qbench.net/worksheet?id=146,Native Export Spreadsheet control produced no downloadable file through available browser tooling.
132,Cannabinoid Potency {Protocol WS} Preparation of Edible Samples,Dynamic Spreadsheet,Active,585,3,APPROVED,true,true,3 - APPROVED (ACTIVE),,APPROVED Active since 06/04/2026,true,active_approved,blocked_browser_tooling_no_download_event,,,DOM extraction,https://ait.qbench.net/worksheet?id=132,Native Export Spreadsheet control produced no downloadable file through available browser tooling.
132,Cannabinoid Potency {Protocol WS} Preparation of Edible Samples,Dynamic Spreadsheet,Active,575,2,APPROVED,false,false,2 - APPROVED,,APPROVED,false,,not_required_by_version_policy,,,DOM extraction,https://ait.qbench.net/worksheet?id=132,
132,Cannabinoid Potency {Protocol WS} Preparation of Edible Samples,Dynamic Spreadsheet,Active,568,1,APPROVED,false,false,1 - APPROVED,,APPROVED,false,,not_required_by_version_policy,,,DOM extraction,https://ait.qbench.net/worksheet?id=132,
135,Cannabinoid Potency {Protocol WS} Preparation of Edible Samples Centrifuge,Dynamic Spreadsheet,Active,572,1,APPROVED,true,true,1 - APPROVED (ACTIVE),,APPROVED Active since 06/03/2026,true,active_approved,blocked_browser_tooling_no_download_event,,,DOM extraction,https://ait.qbench.net/worksheet?id=135,Native Export Spreadsheet control produced no downloadable file through available browser tooling.
136,Cannabinoid Potency {Protocol WS} Preparation of Edible Samples Filter,Dynamic Spreadsheet,Active,573,1,APPROVED,true,true,1 - APPROVED (ACTIVE),,APPROVED Active since 06/03/2026,true,active_approved,blocked_browser_tooling_no_download_event,,,DOM extraction,https://ait.qbench.net/worksheet?id=136,Native Export Spreadsheet control produced no downloadable file through available browser tooling.
134,Cannabinoid Potency {Protocol WS} Preparation of Edible Samples QuEChERS,Dynamic Spreadsheet,Active,571,2,APPROVED,true,true,2 - APPROVED (ACTIVE),,APPROVED Active since 06/03/2026,true,active_approved,blocked_browser_tooling_no_download_event,,,DOM extraction,https://ait.qbench.net/worksheet?id=134,Native Export Spreadsheet control produced no downloadable file through available browser tooling.
134,Cannabinoid Potency {Protocol WS} Preparation of Edible Samples QuEChERS,Dynamic Spreadsheet,Active,570,1,APPROVED,false,false,1 - APPROVED,,APPROVED,false,,not_required_by_version_policy,,,DOM extraction,https://ait.qbench.net/worksheet?id=134,
133,Cannabinoid Potency {Protocol WS} Preparation of Edible Samples Vortex/Sonicate,Dynamic Spreadsheet,Active,569,1,APPROVED,true,true,1 - APPROVED (ACTIVE),,APPROVED Active since 06/04/2026,true,active_approved,blocked_browser_tooling_no_download_event,,,DOM extraction,https://ait.qbench.net/worksheet?id=133,Native Export Spreadsheet control produced no downloadable file through available browser tooling.
33,Cannabinoid Potency {Protocol WS} Preparation of Flower/Plant Samples,Dynamic Spreadsheet,Active,628,5,APPROVED,true,true,5 - APPROVED (ACTIVE),,APPROVED Active since 06/30/2026,true,active_approved,blocked_browser_tooling_no_download_event,,,DOM extraction,https://ait.qbench.net/worksheet?id=33,Native Export Spreadsheet control produced no downloadable file through available browser tooling.
33,Cannabinoid Potency {Protocol WS} Preparation of Flower/Plant Samples,Dynamic Spreadsheet,Active,627,4,PENDING,false,false,4 - PENDING,,PENDING Approve Reject,false,,not_required_by_version_policy,,,DOM extraction,https://ait.qbench.net/worksheet?id=33,
33,Cannabinoid Potency {Protocol WS} Preparation of Flower/Plant Samples,Dynamic Spreadsheet,Active,70,3,APPROVED,false,false,3 - APPROVED,,APPROVED,false,,not_required_by_version_policy,,,DOM extraction,https://ait.qbench.net/worksheet?id=33,
33,Cannabinoid Potency {Protocol WS} Preparation of Flower/Plant Samples,Dynamic Spreadsheet,Active,68,2,APPROVED,false,false,2 - APPROVED,,APPROVED,false,,not_required_by_version_policy,,,DOM extraction,https://ait.qbench.net/worksheet?id=33,
33,Cannabinoid Potency {Protocol WS} Preparation of Flower/Plant Samples,Dynamic Spreadsheet,Active,67,1,DRAFT,false,false,1 - DRAFT,,DRAFT,false,,not_required_by_version_policy,,,DOM extraction,https://ait.qbench.net/worksheet?id=33,
35,Cannabinoid Potency {Protocol WS} Preparation of Flower/Plant Samples Centrifuge,Dynamic Spreadsheet,Active,80,6,APPROVED,true,true,6 - APPROVED (ACTIVE),,APPROVED Active since 03/15/2026,true,active_approved,blocked_browser_tooling_no_download_event,,,DOM extraction,https://ait.qbench.net/worksheet?id=35,Native Export Spreadsheet control produced no downloadable file through available browser tooling.
35,Cannabinoid Potency {Protocol WS} Preparation of Flower/Plant Samples Centrifuge,Dynamic Spreadsheet,Active,79,5,APPROVED,false,false,5 - APPROVED,,APPROVED,false,,not_required_by_version_policy,,,DOM extraction,https://ait.qbench.net/worksheet?id=35,
35,Cannabinoid Potency {Protocol WS} Preparation of Flower/Plant Samples Centrifuge,Dynamic Spreadsheet,Active,78,4,REJECTED,false,false,4 - REJECTED,,REJECTED,false,,not_required_by_version_policy,,,DOM extraction,https://ait.qbench.net/worksheet?id=35,
35,Cannabinoid Potency {Protocol WS} Preparation of Flower/Plant Samples Centrifuge,Dynamic Spreadsheet,Active,77,3,REJECTED,false,false,3 - REJECTED,,REJECTED,false,,not_required_by_version_policy,,,DOM extraction,https://ait.qbench.net/worksheet?id=35,
35,Cannabinoid Potency {Protocol WS} Preparation of Flower/Plant Samples Centrifuge,Dynamic Spreadsheet,Active,73,2,APPROVED,false,false,2 - APPROVED,,APPROVED,false,,not_required_by_version_policy,,,DOM extraction,https://ait.qbench.net/worksheet?id=35,
35,Cannabinoid Potency {Protocol WS} Preparation of Flower/Plant Samples Centrifuge,Dynamic Spreadsheet,Active,72,1,DRAFT,false,false,1 - DRAFT,,DRAFT,false,,not_required_by_version_policy,,,DOM extraction,https://ait.qbench.net/worksheet?id=35,
36,Cannabinoid Potency {Protocol WS} Preparation of Flower/Plant Samples Filter,Dynamic Spreadsheet,Active,629,5,APPROVED,true,true,5 - APPROVED (ACTIVE),,APPROVED Active since 06/30/2026,true,active_approved,blocked_browser_tooling_no_download_event,,,DOM extraction,https://ait.qbench.net/worksheet?id=36,Native Export Spreadsheet control produced no downloadable file through available browser tooling.
36,Cannabinoid Potency {Protocol WS} Preparation of Flower/Plant Samples Filter,Dynamic Spreadsheet,Active,86,4,APPROVED,false,false,4 - APPROVED,,APPROVED,false,,not_required_by_version_policy,,,DOM extraction,https://ait.qbench.net/worksheet?id=36,
36,Cannabinoid Potency {Protocol WS} Preparation of Flower/Plant Samples Filter,Dynamic Spreadsheet,Active,76,3,APPROVED,false,false,3 - APPROVED,,APPROVED,false,,not_required_by_version_policy,,,DOM extraction,https://ait.qbench.net/worksheet?id=36,
36,Cannabinoid Potency {Protocol WS} Preparation of Flower/Plant Samples Filter,Dynamic Spreadsheet,Active,75,2,REJECTED,false,false,2 - REJECTED,,REJECTED,false,,not_required_by_version_policy,,,DOM extraction,https://ait.qbench.net/worksheet?id=36,
36,Cannabinoid Potency {Protocol WS} Preparation of Flower/Plant Samples Filter,Dynamic Spreadsheet,Active,74,1,DRAFT,false,false,1 - DRAFT,,DRAFT,false,,not_required_by_version_policy,,,DOM extraction,https://ait.qbench.net/worksheet?id=36,
34,Cannabinoid Potency {Protocol WS} Preparation of Flower/Plant Samples Vortex/Sonicate,Dynamic Spreadsheet,Active,71,2,APPROVED,true,true,2 - APPROVED (ACTIVE),,APPROVED Active since 03/15/2026,true,active_approved,blocked_browser_tooling_no_download_event,,,DOM extraction,https://ait.qbench.net/worksheet?id=34,Native Export Spreadsheet control produced no downloadable file through available browser tooling.
34,Cannabinoid Potency {Protocol WS} Preparation of Flower/Plant Samples Vortex/Sonicate,Dynamic Spreadsheet,Active,69,1,DRAFT,false,false,1 - DRAFT,,DRAFT,false,,not_required_by_version_policy,,,DOM extraction,https://ait.qbench.net/worksheet?id=34,
32,Cannabinoid Potency {Protocol WS} Preparation of Lab Control Samples,Dynamic Spreadsheet,Active,66,2,APPROVED,true,true,2 - APPROVED (ACTIVE),,APPROVED Active since 03/15/2026,true,active_approved,blocked_browser_tooling_no_download_event,,,DOM extraction,https://ait.qbench.net/worksheet?id=32,Native Export Spreadsheet control produced no downloadable file through available browser tooling.
32,Cannabinoid Potency {Protocol WS} Preparation of Lab Control Samples,Dynamic Spreadsheet,Active,65,1,DRAFT,false,false,1 - DRAFT,,DRAFT,false,,not_required_by_version_policy,,,DOM extraction,https://ait.qbench.net/worksheet?id=32,
140,Cannabinoid Potency {Protocol WS} Preparation of Patch Samples,Dynamic Spreadsheet,Active,578,1,APPROVED,true,true,1 - APPROVED (ACTIVE),,APPROVED Active since 06/03/2026,true,active_approved,blocked_browser_tooling_no_download_event,,,DOM extraction,https://ait.qbench.net/worksheet?id=140,Native Export Spreadsheet control produced no downloadable file through available browser tooling.
142,Cannabinoid Potency {Protocol WS} Preparation of Patch Samples Filter/Dilution,Dynamic Spreadsheet,Active,581,1,APPROVED,true,true,1 - APPROVED (ACTIVE),,APPROVED Active since 06/03/2026,true,active_approved,blocked_browser_tooling_no_download_event,,,DOM extraction,https://ait.qbench.net/worksheet?id=142,Native Export Spreadsheet control produced no downloadable file through available browser tooling.
141,Cannabinoid Potency {Protocol WS} Preparation of Patch Samples Vortex/ Sonicate,Dynamic Spreadsheet,Active,580,2,APPROVED,true,true,2 - APPROVED (ACTIVE),,APPROVED Active since 06/03/2026,true,active_approved,blocked_browser_tooling_no_download_event,,,DOM extraction,https://ait.qbench.net/worksheet?id=141,Native Export Spreadsheet control produced no downloadable file through available browser tooling.
141,Cannabinoid Potency {Protocol WS} Preparation of Patch Samples Vortex/ Sonicate,Dynamic Spreadsheet,Active,579,1,APPROVED,false,false,1 - APPROVED,,APPROVED,false,,not_required_by_version_policy,,,DOM extraction,https://ait.qbench.net/worksheet?id=141,
38,Cannabinoid Potency {Protocol WS} Quality Control Requirements,Dynamic Spreadsheet,Active,666,6,APPROVED,true,true,6 - APPROVED (ACTIVE),,APPROVED Active since 07/29/2026,true,active_approved,blocked_browser_tooling_no_download_event,,,DOM extraction,https://ait.qbench.net/worksheet?id=38,Native Export Spreadsheet control produced no downloadable file through available browser tooling.
38,Cannabinoid Potency {Protocol WS} Quality Control Requirements,Dynamic Spreadsheet,Active,620,5,APPROVED,false,false,5 - APPROVED,,APPROVED,false,,not_required_by_version_policy,,,DOM extraction,https://ait.qbench.net/worksheet?id=38,
38,Cannabinoid Potency {Protocol WS} Quality Control Requirements,Dynamic Spreadsheet,Active,452,4,APPROVED,false,false,4 - APPROVED,,APPROVED,false,,not_required_by_version_policy,,,DOM extraction,https://ait.qbench.net/worksheet?id=38,
38,Cannabinoid Potency {Protocol WS} Quality Control Requirements,Dynamic Spreadsheet,Active,451,3,APPROVED,false,false,3 - APPROVED,,APPROVED,false,,not_required_by_version_policy,,,DOM extraction,https://ait.qbench.net/worksheet?id=38,
38,Cannabinoid Potency {Protocol WS} Quality Control Requirements,Dynamic Spreadsheet,Active,84,2,APPROVED,false,false,2 - APPROVED,,APPROVED,false,,not_required_by_version_policy,,,DOM extraction,https://ait.qbench.net/worksheet?id=38,
38,Cannabinoid Potency {Protocol WS} Quality Control Requirements,Dynamic Spreadsheet,Active,83,1,DRAFT,false,false,1 - DRAFT,,DRAFT,false,,not_required_by_version_policy,,,DOM extraction,https://ait.qbench.net/worksheet?id=38,
148,Cannabinoid Potency {Protocol WS} Solution Prep,Dynamic Spreadsheet,Active,619,1,APPROVED,true,true,1 - APPROVED (ACTIVE),,APPROVED Active since 06/23/2026,true,active_approved,blocked_browser_tooling_no_download_event,,,DOM extraction,https://ait.qbench.net/worksheet?id=148,Native Export Spreadsheet control produced no downloadable file through available browser tooling.
121,Cold Storage Temperature | -20C,Spreadsheet,Active,397,1,APPROVED,true,true,1 - APPROVED (ACTIVE),,APPROVED Active since 04/22/2026,true,active_approved,blocked_browser_tooling_no_download_event,,,DOM extraction,https://ait.qbench.net/worksheet?id=121,Native Export Spreadsheet control produced no downloadable file through available browser tooling.
122,Cold Storage Temperature | -70C,Spreadsheet,Active,398,1,APPROVED,true,true,1 - APPROVED (ACTIVE),,APPROVED Active since 04/22/2026,true,active_approved,blocked_browser_tooling_no_download_event,,,DOM extraction,https://ait.qbench.net/worksheet?id=122,Native Export Spreadsheet control produced no downloadable file through available browser tooling.
120,Cold Storage Temperature | 4C,Spreadsheet,Active,396,1,APPROVED,true,true,1 - APPROVED (ACTIVE),,APPROVED Active since 04/22/2026,true,active_approved,blocked_browser_tooling_no_download_event,,,DOM extraction,https://ait.qbench.net/worksheet?id=120,Native Export Spreadsheet control produced no downloadable file through available browser tooling.
95,Enterobacteriaceae [Test] WS,Dynamic Spreadsheet,Active,702,15,DRAFT,false,true,15 - [AIT-88] Set default note for METRC export - DRAFT,[AIT-88] Set default note for METRC export,DRAFT,true,newer_nonactive_version,blocked_browser_tooling_no_download_event,,,DOM extraction,https://ait.qbench.net/worksheet?id=95,Native Export Spreadsheet control produced no downloadable file through available browser tooling.
95,Enterobacteriaceae [Test] WS,Dynamic Spreadsheet,Active,677,14,APPROVED,true,false,14 - kv update - APPROVED (ACTIVE),kv update,APPROVED Active since 08/05/2026,true,active_approved,blocked_browser_tooling_no_download_event,,,DOM extraction,https://ait.qbench.net/worksheet?id=95,Native Export Spreadsheet control produced no downloadable file through available browser tooling.
95,Enterobacteriaceae [Test] WS,Dynamic Spreadsheet,Active,565,13,DRAFT,false,false,13 - [AIT-88] Add METRC table and named cells - DRAFT,[AIT-88] Add METRC table and named cells,DRAFT,false,,not_required_by_version_policy,,,DOM extraction,https://ait.qbench.net/worksheet?id=95,
95,Enterobacteriaceae [Test] WS,Dynamic Spreadsheet,Active,529,12,APPROVED,false,false,12 - Fixed - APPROVED,Fixed,APPROVED,false,,not_required_by_version_policy,,,DOM extraction,https://ait.qbench.net/worksheet?id=95,
95,Enterobacteriaceae [Test] WS,Dynamic Spreadsheet,Active,520,11,APPROVED,false,false,11 - COA 2 - APPROVED,COA 2,APPROVED,false,,not_required_by_version_policy,,,DOM extraction,https://ait.qbench.net/worksheet?id=95,
95,Enterobacteriaceae [Test] WS,Dynamic Spreadsheet,Active,518,10,APPROVED,false,false,10 - COA - APPROVED,COA,APPROVED,false,,not_required_by_version_policy,,,DOM extraction,https://ait.qbench.net/worksheet?id=95,
95,Enterobacteriaceae [Test] WS,Dynamic Spreadsheet,Active,424,9,APPROVED,false,false,9 - [AIT-82] Adjust report table - APPROVED,[AIT-82] Adjust report table,APPROVED,false,,not_required_by_version_policy,,,DOM extraction,https://ait.qbench.net/worksheet?id=95,
95,Enterobacteriaceae [Test] WS,Dynamic Spreadsheet,Active,369,8,APPROVED,false,false,8 - APPROVED,,APPROVED,false,,not_required_by_version_policy,,,DOM extraction,https://ait.qbench.net/worksheet?id=95,
95,Enterobacteriaceae [Test] WS,Dynamic Spreadsheet,Active,368,7,APPROVED,false,false,7 - APPROVED,,APPROVED,false,,not_required_by_version_policy,,,DOM extraction,https://ait.qbench.net/worksheet?id=95,
95,Enterobacteriaceae [Test] WS,Dynamic Spreadsheet,Active,324,6,APPROVED,false,false,6 - APPROVED,,APPROVED,false,,not_required_by_version_policy,,,DOM extraction,https://ait.qbench.net/worksheet?id=95,
95,Enterobacteriaceae [Test] WS,Dynamic Spreadsheet,Active,310,5,APPROVED,false,false,5 - APPROVED,,APPROVED,false,,not_required_by_version_policy,,,DOM extraction,https://ait.qbench.net/worksheet?id=95,
95,Enterobacteriaceae [Test] WS,Dynamic Spreadsheet,Active,307,4,APPROVED,false,false,4 - APPROVED,,APPROVED,false,,not_required_by_version_policy,,,DOM extraction,https://ait.qbench.net/worksheet?id=95,
95,Enterobacteriaceae [Test] WS,Dynamic Spreadsheet,Active,289,3,APPROVED,false,false,3 - APPROVED,,APPROVED,false,,not_required_by_version_policy,,,DOM extraction,https://ait.qbench.net/worksheet?id=95,
95,Enterobacteriaceae [Test] WS,Dynamic Spreadsheet,Active,288,2,APPROVED,false,false,2 - APPROVED,,APPROVED,false,,not_required_by_version_policy,,,DOM extraction,https://ait.qbench.net/worksheet?id=95,
95,Enterobacteriaceae [Test] WS,Dynamic Spreadsheet,Active,286,1,REJECTED,false,false,1 - REJECTED,,REJECTED,false,,not_required_by_version_policy,,,DOM extraction,https://ait.qbench.net/worksheet?id=95,
2,Example Batch Worksheet,Dynamic Spreadsheet,Active,2,1,DRAFT,false,true,1 - VC - 2/9/26 - DRAFT,VC - 2/9/26,DRAFT,true,latest_draft_or_pending_no_active,blocked_browser_tooling_no_download_event,,,DOM extraction,https://ait.qbench.net/worksheet?id=2,Native Export Spreadsheet control produced no downloadable file through available browser tooling.
58,Foreign Material [Protocol WS] Perform FM Testing,Dynamic Spreadsheet,Active,194,2,APPROVED,true,true,2 - APPROVED (ACTIVE),,APPROVED Active since 04/07/2026,true,active_approved,blocked_browser_tooling_no_download_event,,,DOM extraction,https://ait.qbench.net/worksheet?id=58,Native Export Spreadsheet control produced no downloadable file through available browser tooling.
58,Foreign Material [Protocol WS] Perform FM Testing,Dynamic Spreadsheet,Active,192,1,APPROVED,false,false,1 - APPROVED,,APPROVED,false,,not_required_by_version_policy,,,DOM extraction,https://ait.qbench.net/worksheet?id=58,
31,Foreign Material [Test WS],Dynamic Spreadsheet,Active,703,11,DRAFT,false,true,11 - [AIT-88] Set default note for METRC export - DRAFT,[AIT-88] Set default note for METRC export,DRAFT,true,newer_nonactive_version,blocked_browser_tooling_no_download_event,,,DOM extraction,https://ait.qbench.net/worksheet?id=31,Native Export Spreadsheet control produced no downloadable file through available browser tooling.
31,Foreign Material [Test WS],Dynamic Spreadsheet,Active,566,10,APPROVED,true,false,10 - [AIT-88] Add METRC table and named cells - APPROVED (ACTIVE),[AIT-88] Add METRC table and named cells,APPROVED Active since 08/12/2026,true,active_approved,blocked_browser_tooling_no_download_event,,,DOM extraction,https://ait.qbench.net/worksheet?id=31,Native Export Spreadsheet control produced no downloadable file through available browser tooling.
31,Foreign Material [Test WS],Dynamic Spreadsheet,Active,327,9,APPROVED,false,false,9 - APPROVED,,APPROVED,false,,not_required_by_version_policy,,,DOM extraction,https://ait.qbench.net/worksheet?id=31,
31,Foreign Material [Test WS],Dynamic Spreadsheet,Active,326,8,APPROVED,false,false,8 - APPROVED,,APPROVED,false,,not_required_by_version_policy,,,DOM extraction,https://ait.qbench.net/worksheet?id=31,
31,Foreign Material [Test WS],Dynamic Spreadsheet,Active,231,7,APPROVED,false,false,7 - APPROVED,,APPROVED,false,,not_required_by_version_policy,,,DOM extraction,https://ait.qbench.net/worksheet?id=31,
31,Foreign Material [Test WS],Dynamic Spreadsheet,Active,197,6,APPROVED,false,false,6 - APPROVED,,APPROVED,false,,not_required_by_version_policy,,,DOM extraction,https://ait.qbench.net/worksheet?id=31,
31,Foreign Material [Test WS],Dynamic Spreadsheet,Active,193,5,APPROVED,false,false,5 - APPROVED,,APPROVED,false,,not_required_by_version_policy,,,DOM extraction,https://ait.qbench.net/worksheet?id=31,
31,Foreign Material [Test WS],Dynamic Spreadsheet,Active,191,4,APPROVED,false,false,4 - APPROVED,,APPROVED,false,,not_required_by_version_policy,,,DOM extraction,https://ait.qbench.net/worksheet?id=31,
31,Foreign Material [Test WS],Dynamic Spreadsheet,Active,174,3,APPROVED,false,false,3 - APPROVED,,APPROVED,false,,not_required_by_version_policy,,,DOM extraction,https://ait.qbench.net/worksheet?id=31,
31,Foreign Material [Test WS],Dynamic Spreadsheet,Active,173,2,APPROVED,false,false,2 - APPROVED,,APPROVED,false,,not_required_by_version_policy,,,DOM extraction,https://ait.qbench.net/worksheet?id=31,
31,Foreign Material [Test WS],Dynamic Spreadsheet,Active,64,1,REJECTED,false,false,1 - REJECTED,,REJECTED,false,,not_required_by_version_policy,,,DOM extraction,https://ait.qbench.net/worksheet?id=31,
88,Gene Up Microbial Analysis [Protocol] Worksheet Aspergillus Enriched Broth Preparation,Dynamic Spreadsheet,Active,339,2,APPROVED,true,true,2 - APPROVED (ACTIVE),,APPROVED Active since 04/21/2026,true,active_approved,blocked_browser_tooling_no_download_event,,,DOM extraction,https://ait.qbench.net/worksheet?id=88,Native Export Spreadsheet control produced no downloadable file through available browser tooling.
88,Gene Up Microbial Analysis [Protocol] Worksheet Aspergillus Enriched Broth Preparation,Dynamic Spreadsheet,Active,279,1,OBSOLETE,false,false,1 - 1 - DRAFT - OBSOLETE,1 - DRAFT,OBSOLETE,false,,not_required_by_version_policy,,,DOM extraction,https://ait.qbench.net/worksheet?id=88,
99,Gene Up Microbial Analysis [Protocol] Worksheet Gene Up PCR Program,Dynamic Spreadsheet,Active,348,1,APPROVED,true,true,1 - APPROVED (ACTIVE),,APPROVED Active since 04/21/2026,true,active_approved,blocked_browser_tooling_no_download_event,,,DOM extraction,https://ait.qbench.net/worksheet?id=99,Native Export Spreadsheet control produced no downloadable file through available browser tooling.
97,Gene Up Microbial Analysis [Protocol] Worksheet Sample Enrichment (Aspergillus),Dynamic Spreadsheet,Active,346,2,APPROVED,true,true,2 - APPROVED (ACTIVE),,APPROVED Active since 04/21/2026,true,active_approved,blocked_browser_tooling_no_download_event,,,DOM extraction,https://ait.qbench.net/worksheet?id=97,Native Export Spreadsheet control produced no downloadable file through available browser tooling.
97,Gene Up Microbial Analysis [Protocol] Worksheet Sample Enrichment (Aspergillus),Dynamic Spreadsheet,Active,345,1,OBSOLETE,false,false,1 - OBSOLETE,,OBSOLETE,false,,not_required_by_version_policy,,,DOM extraction,https://ait.qbench.net/worksheet?id=97,
96,Gene Up Microbial Analysis [Protocol] Worksheet Sample Incubation,Dynamic Spreadsheet,Active,450,2,APPROVED,true,true,2 - APPROVED (ACTIVE),,APPROVED Active since 05/13/2026,true,active_approved,blocked_browser_tooling_no_download_event,,,DOM extraction,https://ait.qbench.net/worksheet?id=96,Native Export Spreadsheet control produced no downloadable file through available browser tooling.
96,Gene Up Microbial Analysis [Protocol] Worksheet Sample Incubation,Dynamic Spreadsheet,Active,344,1,APPROVED,false,false,1 - APPROVED,,APPROVED,false,,not_required_by_version_policy,,,DOM extraction,https://ait.qbench.net/worksheet?id=96,
98,Gene Up Microbial Analysis [Protocol] Worksheet Sample Lysis (Sal/ STEC and Listeria),Dynamic Spreadsheet,Active,347,1,APPROVED,true,true,1 - APPROVED (ACTIVE),,APPROVED Active since 04/21/2026,true,active_approved,blocked_browser_tooling_no_download_event,,,DOM extraction,https://ait.qbench.net/worksheet?id=98,Native Export Spreadsheet control produced no downloadable file through available browser tooling.
90,Gene Up Microbial Analysis [Protocol] Worksheet Sample Preparation (Aspergillus),Dynamic Spreadsheet,Active,342,3,APPROVED,true,true,3 - APPROVED (ACTIVE),,APPROVED Active since 04/21/2026,true,active_approved,blocked_browser_tooling_no_download_event,,,DOM extraction,https://ait.qbench.net/worksheet?id=90,Native Export Spreadsheet control produced no downloadable file through available browser tooling.
90,Gene Up Microbial Analysis [Protocol] Worksheet Sample Preparation (Aspergillus),Dynamic Spreadsheet,Active,340,2,REJECTED,false,false,2 - REJECTED,,REJECTED,false,,not_required_by_version_policy,,,DOM extraction,https://ait.qbench.net/worksheet?id=90,
90,Gene Up Microbial Analysis [Protocol] Worksheet Sample Preparation (Aspergillus),Dynamic Spreadsheet,Active,280,1,OBSOLETE,false,false,1 - OBSOLETE,,OBSOLETE,false,,not_required_by_version_policy,,,DOM extraction,https://ait.qbench.net/worksheet?id=90,
92,Gene Up Microbial Analysis [Protocol] Worksheet Sample Preparation (Listeria),Dynamic Spreadsheet,Active,341,2,APPROVED,true,true,2 - APPROVED (ACTIVE),,APPROVED Active since 04/21/2026,true,active_approved,blocked_browser_tooling_no_download_event,,,DOM extraction,https://ait.qbench.net/worksheet?id=92,Native Export Spreadsheet control produced no downloadable file through available browser tooling.
92,Gene Up Microbial Analysis [Protocol] Worksheet Sample Preparation (Listeria),Dynamic Spreadsheet,Active,282,1,OBSOLETE,false,false,1 - OBSOLETE,,OBSOLETE,false,,not_required_by_version_policy,,,DOM extraction,https://ait.qbench.net/worksheet?id=92,
91,Gene Up Microbial Analysis [Protocol] Worksheet Sample Preparation (Sal/ STEC),Dynamic Spreadsheet,Active,343,2,APPROVED,true,true,2 - APPROVED (ACTIVE),,APPROVED Active since 04/21/2026,true,active_approved,blocked_browser_tooling_no_download_event,,,DOM extraction,https://ait.qbench.net/worksheet?id=91,Native Export Spreadsheet control produced no downloadable file through available browser tooling.
91,Gene Up Microbial Analysis [Protocol] Worksheet Sample Preparation (Sal/ STEC),Dynamic Spreadsheet,Active,281,1,OBSOLETE,false,false,1 - OBSOLETE,,OBSOLETE,false,,not_required_by_version_policy,,,DOM extraction,https://ait.qbench.net/worksheet?id=91,
40,General {Protocol WS} Instrument Output and QBench Upload of Results,Dynamic Spreadsheet,Active,89,1,APPROVED,true,true,1 - APPROVED (ACTIVE),,APPROVED Active since 03/16/2026,true,active_approved,blocked_browser_tooling_no_download_event,,,DOM extraction,https://ait.qbench.net/worksheet?id=40,Native Export Spreadsheet control produced no downloadable file through available browser tooling.
5,Heavy Metals [Batch] Worksheet,Dynamic Spreadsheet,Active,588,28,APPROVED,true,true,28 - APPROVED (ACTIVE),,APPROVED Active since 06/05/2026,true,active_approved,blocked_browser_tooling_no_download_event,,,DOM extraction,https://ait.qbench.net/worksheet?id=5,Native Export Spreadsheet control produced no downloadable file through available browser tooling.
5,Heavy Metals [Batch] Worksheet,Dynamic Spreadsheet,Active,587,27,APPROVED,false,false,27 - APPROVED,,APPROVED,false,,not_required_by_version_policy,,,DOM extraction,https://ait.qbench.net/worksheet?id=5,
5,Heavy Metals [Batch] Worksheet,Dynamic Spreadsheet,Active,563,26,APPROVED,false,false,26 - APPROVED,,APPROVED,false,,not_required_by_version_policy,,,DOM extraction,https://ait.qbench.net/worksheet?id=5,
5,Heavy Metals [Batch] Worksheet,Dynamic Spreadsheet,Active,535,25,APPROVED,false,false,25 - APPROVED,,APPROVED,false,,not_required_by_version_policy,,,DOM extraction,https://ait.qbench.net/worksheet?id=5,
5,Heavy Metals [Batch] Worksheet,Dynamic Spreadsheet,Active,484,24,APPROVED,false,false,24 - APPROVED,,APPROVED,false,,not_required_by_version_policy,,,DOM extraction,https://ait.qbench.net/worksheet?id=5,
5,Heavy Metals [Batch] Worksheet,Dynamic Spreadsheet,Active,483,23,APPROVED,false,false,23 - APPROVED,,APPROVED,false,,not_required_by_version_policy,,,DOM extraction,https://ait.qbench.net/worksheet?id=5,
5,Heavy Metals [Batch] Worksheet,Dynamic Spreadsheet,Active,459,22,APPROVED,false,false,22 - APPROVED,,APPROVED,false,,not_required_by_version_policy,,,DOM extraction,https://ait.qbench.net/worksheet?id=5,
5,Heavy Metals [Batch] Worksheet,Dynamic Spreadsheet,Active,435,21,APPROVED,false,false,21 - APPROVED,,APPROVED,false,,not_required_by_version_policy,,,DOM extraction,https://ait.qbench.net/worksheet?id=5,
5,Heavy Metals [Batch] Worksheet,Dynamic Spreadsheet,Active,303,20,APPROVED,false,false,20 - APPROVED,,APPROVED,false,,not_required_by_version_policy,,,DOM extraction,https://ait.qbench.net/worksheet?id=5,
5,Heavy Metals [Batch] Worksheet,Dynamic Spreadsheet,Active,283,19,APPROVED,false,false,19 - APPROVED,,APPROVED,false,,not_required_by_version_policy,,,DOM extraction,https://ait.qbench.net/worksheet?id=5,
5,Heavy Metals [Batch] Worksheet,Dynamic Spreadsheet,Active,253,18,APPROVED,false,false,18 - APPROVED,,APPROVED,false,,not_required_by_version_policy,,,DOM extraction,https://ait.qbench.net/worksheet?id=5,
5,Heavy Metals [Batch] Worksheet,Dynamic Spreadsheet,Active,176,17,APPROVED,false,false,17 - APPROVED,,APPROVED,false,,not_required_by_version_policy,,,DOM extraction,https://ait.qbench.net/worksheet?id=5,
5,Heavy Metals [Batch] Worksheet,Dynamic Spreadsheet,Active,175,16,APPROVED,false,false,16 - APPROVED,,APPROVED,false,,not_required_by_version_policy,,,DOM extraction,https://ait.qbench.net/worksheet?id=5,
5,Heavy Metals [Batch] Worksheet,Dynamic Spreadsheet,Active,120,15,APPROVED,false,false,15 - APPROVED,,APPROVED,false,,not_required_by_version_policy,,,DOM extraction,https://ait.qbench.net/worksheet?id=5,
5,Heavy Metals [Batch] Worksheet,Dynamic Spreadsheet,Active,119,14,APPROVED,false,false,14 - APPROVED,,APPROVED,false,,not_required_by_version_policy,,,DOM extraction,https://ait.qbench.net/worksheet?id=5,
5,Heavy Metals [Batch] Worksheet,Dynamic Spreadsheet,Active,44,13,REJECTED,false,false,13 - REJECTED,,REJECTED,false,,not_required_by_version_policy,,,DOM extraction,https://ait.qbench.net/worksheet?id=5,
5,Heavy Metals [Batch] Worksheet,Dynamic Spreadsheet,Active,42,12,APPROVED,false,false,12 - APPROVED,,APPROVED,false,,not_required_by_version_policy,,,DOM extraction,https://ait.qbench.net/worksheet?id=5,
5,Heavy Metals [Batch] Worksheet,Dynamic Spreadsheet,Active,41,11,APPROVED,false,false,11 - APPROVED,,APPROVED,false,,not_required_by_version_policy,,,DOM extraction,https://ait.qbench.net/worksheet?id=5,
5,Heavy Metals [Batch] Worksheet,Dynamic Spreadsheet,Active,40,10,REJECTED,false,false,10 - REJECTED,,REJECTED,false,,not_required_by_version_policy,,,DOM extraction,https://ait.qbench.net/worksheet?id=5,
5,Heavy Metals [Batch] Worksheet,Dynamic Spreadsheet,Active,39,9,APPROVED,false,false,9 - APPROVED,,APPROVED,false,,not_required_by_version_policy,,,DOM extraction,https://ait.qbench.net/worksheet?id=5,
5,Heavy Metals [Batch] Worksheet,Dynamic Spreadsheet,Active,38,8,APPROVED,false,false,8 - APPROVED,,APPROVED,false,,not_required_by_version_policy,,,DOM extraction,https://ait.qbench.net/worksheet?id=5,
5,Heavy Metals [Batch] Worksheet,Dynamic Spreadsheet,Active,37,7,APPROVED,false,false,7 - APPROVED,,APPROVED,false,,not_required_by_version_policy,,,DOM extraction,https://ait.qbench.net/worksheet?id=5,
5,Heavy Metals [Batch] Worksheet,Dynamic Spreadsheet,Active,36,6,APPROVED,false,false,6 - 5 - APPROVED,5,APPROVED,false,,not_required_by_version_policy,,,DOM extraction,https://ait.qbench.net/worksheet?id=5,
5,Heavy Metals [Batch] Worksheet,Dynamic Spreadsheet,Active,34,5,APPROVED,false,false,5 - 4 - APPROVED,4,APPROVED,false,,not_required_by_version_policy,,,DOM extraction,https://ait.qbench.net/worksheet?id=5,
5,Heavy Metals [Batch] Worksheet,Dynamic Spreadsheet,Active,30,4,APPROVED,false,false,4 - 3 - APPROVED,3,APPROVED,false,,not_required_by_version_policy,,,DOM extraction,https://ait.qbench.net/worksheet?id=5,
5,Heavy Metals [Batch] Worksheet,Dynamic Spreadsheet,Active,20,3,REJECTED,false,false,3 - REJECTED,,REJECTED,false,,not_required_by_version_policy,,,DOM extraction,https://ait.qbench.net/worksheet?id=5,
5,Heavy Metals [Batch] Worksheet,Dynamic Spreadsheet,Active,19,2,APPROVED,false,false,2 - APPROVED,,APPROVED,false,,not_required_by_version_policy,,,DOM extraction,https://ait.qbench.net/worksheet?id=5,
5,Heavy Metals [Batch] Worksheet,Dynamic Spreadsheet,Active,7,1,APPROVED,false,false,1 - APPROVED,,APPROVED,false,,not_required_by_version_policy,,,DOM extraction,https://ait.qbench.net/worksheet?id=5,
50,Heavy Metals [Protocol WS] Analysis Elements and Mass Registration & Assay,Dynamic Spreadsheet,Active,110,3,APPROVED,true,true,3 - APPROVED (ACTIVE),,APPROVED Active since 03/17/2026,true,active_approved,blocked_browser_tooling_no_download_event,,,DOM extraction,https://ait.qbench.net/worksheet?id=50,Native Export Spreadsheet control produced no downloadable file through available browser tooling.
50,Heavy Metals [Protocol WS] Analysis Elements and Mass Registration & Assay,Dynamic Spreadsheet,Active,109,2,REJECTED,false,false,2 - REJECTED,,REJECTED,false,,not_required_by_version_policy,,,DOM extraction,https://ait.qbench.net/worksheet?id=50,
50,Heavy Metals [Protocol WS] Analysis Elements and Mass Registration & Assay,Dynamic Spreadsheet,Active,108,1,REJECTED,false,false,1 - REJECTED,,REJECTED,false,,not_required_by_version_policy,,,DOM extraction,https://ait.qbench.net/worksheet?id=50,
53,Heavy Metals [Protocol WS] Calculating and Reporting of Results,Dynamic Spreadsheet,Active,179,1,APPROVED,true,true,1 - APPROVED (ACTIVE),,APPROVED Active since 04/05/2026,true,active_approved,blocked_browser_tooling_no_download_event,,,DOM extraction,https://ait.qbench.net/worksheet?id=53,Native Export Spreadsheet control produced no downloadable file through available browser tooling.
49,Heavy Metals [Protocol WS] Instrument Setup,Dynamic Spreadsheet,Active,107,2,APPROVED,true,true,2 - APPROVED (ACTIVE),,APPROVED Active since 03/17/2026,true,active_approved,blocked_browser_tooling_no_download_event,,,DOM extraction,https://ait.qbench.net/worksheet?id=49,Native Export Spreadsheet control produced no downloadable file through available browser tooling.
49,Heavy Metals [Protocol WS] Instrument Setup,Dynamic Spreadsheet,Active,106,1,REJECTED,false,false,1 - REJECTED,,REJECTED,false,,not_required_by_version_policy,,,DOM extraction,https://ait.qbench.net/worksheet?id=49,
48,Heavy Metals [Protocol WS] Preparation of Samples After Digestion,Dynamic Spreadsheet,Active,105,1,APPROVED,true,true,1 - APPROVED (ACTIVE),,APPROVED Active since 03/17/2026,true,active_approved,blocked_browser_tooling_no_download_event,,,DOM extraction,https://ait.qbench.net/worksheet?id=48,Native Export Spreadsheet control produced no downloadable file through available browser tooling.
47,Heavy Metals [Protocol WS] Preparation of Samples Prior to Digestion,Dynamic Spreadsheet,Active,104,2,APPROVED,true,true,2 - APPROVED (ACTIVE),,APPROVED Active since 03/17/2026,true,active_approved,blocked_browser_tooling_no_download_event,,,DOM extraction,https://ait.qbench.net/worksheet?id=47,Native Export Spreadsheet control produced no downloadable file through available browser tooling.
47,Heavy Metals [Protocol WS] Preparation of Samples Prior to Digestion,Dynamic Spreadsheet,Active,103,1,APPROVED,false,false,1 - APPROVED,,APPROVED,false,,not_required_by_version_policy,,,DOM extraction,https://ait.qbench.net/worksheet?id=47,
46,"Heavy Metals [Protocol WS] Preparation of the Blank, Fortified Blank, Matrix, and Matrix Spike Solutions",Dynamic Spreadsheet,Active,621,3,APPROVED,true,true,3 - APPROVED (ACTIVE),,APPROVED Active since 06/23/2026,true,active_approved,blocked_browser_tooling_no_download_event,,,DOM extraction,https://ait.qbench.net/worksheet?id=46,Native Export Spreadsheet control produced no downloadable file through available browser tooling.
46,"Heavy Metals [Protocol WS] Preparation of the Blank, Fortified Blank, Matrix, and Matrix Spike Solutions",Dynamic Spreadsheet,Active,102,2,APPROVED,false,false,2 - APPROVED,,APPROVED,false,,not_required_by_version_policy,,,DOM extraction,https://ait.qbench.net/worksheet?id=46,
46,"Heavy Metals [Protocol WS] Preparation of the Blank, Fortified Blank, Matrix, and Matrix Spike Solutions",Dynamic Spreadsheet,Active,101,1,REJECTED,false,false,1 - REJECTED,,REJECTED,false,,not_required_by_version_policy,,,DOM extraction,https://ait.qbench.net/worksheet?id=46,
51,Heavy Metals [Protocol WS] Quality Control Requirements,Dynamic Spreadsheet,Active,622,4,APPROVED,true,true,4 - APPROVED (ACTIVE),,APPROVED Active since 06/23/2026,true,active_approved,blocked_browser_tooling_no_download_event,,,DOM extraction,https://ait.qbench.net/worksheet?id=51,Native Export Spreadsheet control produced no downloadable file through available browser tooling.
51,Heavy Metals [Protocol WS] Quality Control Requirements,Dynamic Spreadsheet,Active,178,3,APPROVED,false,false,3 - APPROVED,,APPROVED,false,,not_required_by_version_policy,,,DOM extraction,https://ait.qbench.net/worksheet?id=51,
51,Heavy Metals [Protocol WS] Quality Control Requirements,Dynamic Spreadsheet,Active,112,2,OBSOLETE,false,false,2 - OBSOLETE,,OBSOLETE,false,,not_required_by_version_policy,,,DOM extraction,https://ait.qbench.net/worksheet?id=51,
51,Heavy Metals [Protocol WS] Quality Control Requirements,Dynamic Spreadsheet,Active,111,1,REJECTED,false,false,1 - REJECTED,,REJECTED,false,,not_required_by_version_policy,,,DOM extraction,https://ait.qbench.net/worksheet?id=51,
6,Heavy Metals [Test] Worksheet,Dynamic Spreadsheet,Active,704,35,DRAFT,false,true,35 - [AIT-88] Set default note for METRC export - DRAFT,[AIT-88] Set default note for METRC export,DRAFT,true,newer_nonactive_version,blocked_browser_tooling_no_download_event,,,DOM extraction,https://ait.qbench.net/worksheet?id=6,Native Export Spreadsheet control produced no downloadable file through available browser tooling.
6,Heavy Metals [Test] Worksheet,Dynamic Spreadsheet,Active,675,34,APPROVED,true,false,34 - kv test - APPROVED (ACTIVE),kv test,APPROVED Active since 08/05/2026,true,active_approved,blocked_browser_tooling_no_download_event,,,DOM extraction,https://ait.qbench.net/worksheet?id=6,Native Export Spreadsheet control produced no downloadable file through available browser tooling.
6,Heavy Metals [Test] Worksheet,Dynamic Spreadsheet,Active,555,33,DRAFT,false,false,33 - [AIT-88] Add METRC table and named cells - DRAFT,[AIT-88] Add METRC table and named cells,DRAFT,false,,not_required_by_version_policy,,,DOM extraction,https://ait.qbench.net/worksheet?id=6,
6,Heavy Metals [Test] Worksheet,Dynamic Spreadsheet,Active,537,32,APPROVED,false,false,32 - APPROVED,,APPROVED,false,,not_required_by_version_policy,,,DOM extraction,https://ait.qbench.net/worksheet?id=6,
6,Heavy Metals [Test] Worksheet,Dynamic Spreadsheet,Active,536,31,APPROVED,false,false,31 - APPROVED,,APPROVED,false,,not_required_by_version_policy,,,DOM extraction,https://ait.qbench.net/worksheet?id=6,
6,Heavy Metals [Test] Worksheet,Dynamic Spreadsheet,Active,436,30,APPROVED,false,false,30 - APPROVED,,APPROVED,false,,not_required_by_version_policy,,,DOM extraction,https://ait.qbench.net/worksheet?id=6,
6,Heavy Metals [Test] Worksheet,Dynamic Spreadsheet,Active,411,29,APPROVED,false,false,29 - APPROVED,,APPROVED,false,,not_required_by_version_policy,,,DOM extraction,https://ait.qbench.net/worksheet?id=6,
6,Heavy Metals [Test] Worksheet,Dynamic Spreadsheet,Active,323,28,APPROVED,false,false,28 - APPROVED,,APPROVED,false,,not_required_by_version_policy,,,DOM extraction,https://ait.qbench.net/worksheet?id=6,
6,Heavy Metals [Test] Worksheet,Dynamic Spreadsheet,Active,255,27,APPROVED,false,false,27 - APPROVED,,APPROVED,false,,not_required_by_version_policy,,,DOM extraction,https://ait.qbench.net/worksheet?id=6,
6,Heavy Metals [Test] Worksheet,Dynamic Spreadsheet,Active,224,26,APPROVED,false,false,26 - APPROVED,,APPROVED,false,,not_required_by_version_policy,,,DOM extraction,https://ait.qbench.net/worksheet?id=6,
6,Heavy Metals [Test] Worksheet,Dynamic Spreadsheet,Active,199,25,APPROVED,false,false,25 - APPROVED,,APPROVED,false,,not_required_by_version_policy,,,DOM extraction,https://ait.qbench.net/worksheet?id=6,
6,Heavy Metals [Test] Worksheet,Dynamic Spreadsheet,Active,198,24,APPROVED,false,false,24 - APPROVED,,APPROVED,false,,not_required_by_version_policy,,,DOM extraction,https://ait.qbench.net/worksheet?id=6,
6,Heavy Metals [Test] Worksheet,Dynamic Spreadsheet,Active,189,23,APPROVED,false,false,23 - APPROVED,,APPROVED,false,,not_required_by_version_policy,,,DOM extraction,https://ait.qbench.net/worksheet?id=6,
6,Heavy Metals [Test] Worksheet,Dynamic Spreadsheet,Active,186,22,APPROVED,false,false,22 - APPROVED,,APPROVED,false,,not_required_by_version_policy,,,DOM extraction,https://ait.qbench.net/worksheet?id=6,
6,Heavy Metals [Test] Worksheet,Dynamic Spreadsheet,Active,177,21,APPROVED,false,false,21 - APPROVED,,APPROVED,false,,not_required_by_version_policy,,,DOM extraction,https://ait.qbench.net/worksheet?id=6,
6,Heavy Metals [Test] Worksheet,Dynamic Spreadsheet,Active,163,20,APPROVED,false,false,20 - APPROVED,,APPROVED,false,,not_required_by_version_policy,,,DOM extraction,https://ait.qbench.net/worksheet?id=6,
6,Heavy Metals [Test] Worksheet,Dynamic Spreadsheet,Active,133,19,APPROVED,false,false,19 - APPROVED,,APPROVED,false,,not_required_by_version_policy,,,DOM extraction,https://ait.qbench.net/worksheet?id=6,
6,Heavy Metals [Test] Worksheet,Dynamic Spreadsheet,Active,132,18,APPROVED,false,false,18 - APPROVED,,APPROVED,false,,not_required_by_version_policy,,,DOM extraction,https://ait.qbench.net/worksheet?id=6,
6,Heavy Metals [Test] Worksheet,Dynamic Spreadsheet,Active,131,17,APPROVED,false,false,17 - APPROVED,,APPROVED,false,,not_required_by_version_policy,,,DOM extraction,https://ait.qbench.net/worksheet?id=6,
6,Heavy Metals [Test] Worksheet,Dynamic Spreadsheet,Active,130,16,APPROVED,false,false,16 - APPROVED,,APPROVED,false,,not_required_by_version_policy,,,DOM extraction,https://ait.qbench.net/worksheet?id=6,
6,Heavy Metals [Test] Worksheet,Dynamic Spreadsheet,Active,129,15,REJECTED,false,false,15 - REJECTED,,REJECTED,false,,not_required_by_version_policy,,,DOM extraction,https://ait.qbench.net/worksheet?id=6,
6,Heavy Metals [Test] Worksheet,Dynamic Spreadsheet,Active,128,14,APPROVED,false,false,14 - APPROVED,,APPROVED,false,,not_required_by_version_policy,,,DOM extraction,https://ait.qbench.net/worksheet?id=6,
6,Heavy Metals [Test] Worksheet,Dynamic Spreadsheet,Active,127,13,APPROVED,false,false,13 - APPROVED,,APPROVED,false,,not_required_by_version_policy,,,DOM extraction,https://ait.qbench.net/worksheet?id=6,
6,Heavy Metals [Test] Worksheet,Dynamic Spreadsheet,Active,126,12,APPROVED,false,false,12 - APPROVED,,APPROVED,false,,not_required_by_version_policy,,,DOM extraction,https://ait.qbench.net/worksheet?id=6,
6,Heavy Metals [Test] Worksheet,Dynamic Spreadsheet,Active,125,11,REJECTED,false,false,11 - REJECTED,,REJECTED,false,,not_required_by_version_policy,,,DOM extraction,https://ait.qbench.net/worksheet?id=6,
6,Heavy Metals [Test] Worksheet,Dynamic Spreadsheet,Active,124,10,APPROVED,false,false,10 - APPROVED,,APPROVED,false,,not_required_by_version_policy,,,DOM extraction,https://ait.qbench.net/worksheet?id=6,
6,Heavy Metals [Test] Worksheet,Dynamic Spreadsheet,Active,123,9,APPROVED,false,false,9 - APPROVED,,APPROVED,false,,not_required_by_version_policy,,,DOM extraction,https://ait.qbench.net/worksheet?id=6,
6,Heavy Metals [Test] Worksheet,Dynamic Spreadsheet,Active,122,8,APPROVED,false,false,8 - APPROVED,,APPROVED,false,,not_required_by_version_policy,,,DOM extraction,https://ait.qbench.net/worksheet?id=6,
6,Heavy Metals [Test] Worksheet,Dynamic Spreadsheet,Active,121,7,APPROVED,false,false,7 - APPROVED,,APPROVED,false,,not_required_by_version_policy,,,DOM extraction,https://ait.qbench.net/worksheet?id=6,
6,Heavy Metals [Test] Worksheet,Dynamic Spreadsheet,Active,43,6,REJECTED,false,false,6 - REJECTED,,REJECTED,false,,not_required_by_version_policy,,,DOM extraction,https://ait.qbench.net/worksheet?id=6,
6,Heavy Metals [Test] Worksheet,Dynamic Spreadsheet,Active,35,5,APPROVED,false,false,5 - 3 - APPROVED,3,APPROVED,false,,not_required_by_version_policy,,,DOM extraction,https://ait.qbench.net/worksheet?id=6,
6,Heavy Metals [Test] Worksheet,Dynamic Spreadsheet,Active,33,4,APPROVED,false,false,4 - 2 - APPROVED,2,APPROVED,false,,not_required_by_version_policy,,,DOM extraction,https://ait.qbench.net/worksheet?id=6,
6,Heavy Metals [Test] Worksheet,Dynamic Spreadsheet,Active,32,3,REJECTED,false,false,3 - 2 - REJECTED,2,REJECTED,false,,not_required_by_version_policy,,,DOM extraction,https://ait.qbench.net/worksheet?id=6,
6,Heavy Metals [Test] Worksheet,Dynamic Spreadsheet,Active,31,2,APPROVED,false,false,2 - 2 - APPROVED,2,APPROVED,false,,not_required_by_version_policy,,,DOM extraction,https://ait.qbench.net/worksheet?id=6,
6,Heavy Metals [Test] Worksheet,Dynamic Spreadsheet,Active,8,1,APPROVED,false,false,1 - APPROVED,,APPROVED,false,,not_required_by_version_policy,,,DOM extraction,https://ait.qbench.net/worksheet?id=6,
72,Homogeneity [Protocol WS] Homogeneity Evaluation & Reporting,Dynamic Spreadsheet,Active,236,1,APPROVED,true,true,1 - APPROVED (ACTIVE),,APPROVED Active since 04/15/2026,true,active_approved,blocked_browser_tooling_no_download_event,,,DOM extraction,https://ait.qbench.net/worksheet?id=72,Native Export Spreadsheet control produced no downloadable file through available browser tooling.
69,Homogeneity [Protocol WS] Pre-Conditions & QBench Setup,Dynamic Spreadsheet,Active,233,1,APPROVED,true,true,1 - APPROVED (ACTIVE),,APPROVED Active since 04/15/2026,true,active_approved,blocked_browser_tooling_no_download_event,,,DOM extraction,https://ait.qbench.net/worksheet?id=69,Native Export Spreadsheet control produced no downloadable file through available browser tooling.
71,Homogeneity [Protocol WS] Run Cannabinoid Potency Tests,Dynamic Spreadsheet,Active,235,1,APPROVED,true,true,1 - APPROVED (ACTIVE),,APPROVED Active since 04/15/2026,true,active_approved,blocked_browser_tooling_no_download_event,,,DOM extraction,https://ait.qbench.net/worksheet?id=71,Native Export Spreadsheet control produced no downloadable file through available browser tooling.
70,Homogeneity [Protocol WS] Sub-Sampling,Dynamic Spreadsheet,Active,237,2,APPROVED,true,true,2 - APPROVED (ACTIVE),,APPROVED Active since 04/16/2026,true,active_approved,blocked_browser_tooling_no_download_event,,,DOM extraction,https://ait.qbench.net/worksheet?id=70,Native Export Spreadsheet control produced no downloadable file through available browser tooling.
70,Homogeneity [Protocol WS] Sub-Sampling,Dynamic Spreadsheet,Active,234,1,APPROVED,false,false,1 - APPROVED,,APPROVED,false,,not_required_by_version_policy,,,DOM extraction,https://ait.qbench.net/worksheet?id=70,
73,Homogeneity [Test WS],Dynamic Spreadsheet,Active,670,17,DRAFT,false,true,17 - [AIT-88] Add METRC table and named cells - DRAFT,[AIT-88] Add METRC table and named cells,DRAFT,true,newer_nonactive_version,blocked_browser_tooling_no_download_event,,,DOM extraction,https://ait.qbench.net/worksheet?id=73,Native Export Spreadsheet control produced no downloadable file through available browser tooling.
73,Homogeneity [Test WS],Dynamic Spreadsheet,Active,668,16,APPROVED,true,false,16 - edit - APPROVED (ACTIVE),edit,APPROVED Active since 07/29/2026,true,active_approved,blocked_browser_tooling_no_download_event,,,DOM extraction,https://ait.qbench.net/worksheet?id=73,Native Export Spreadsheet control produced no downloadable file through available browser tooling.
73,Homogeneity [Test WS],Dynamic Spreadsheet,Active,641,15,APPROVED,false,false,15 - Test - APPROVED,Test,APPROVED,false,,not_required_by_version_policy,,,DOM extraction,https://ait.qbench.net/worksheet?id=73,
73,Homogeneity [Test WS],Dynamic Spreadsheet,Active,638,14,APPROVED,false,false,14 - V3 - APPROVED,V3,APPROVED,false,,not_required_by_version_policy,,,DOM extraction,https://ait.qbench.net/worksheet?id=73,
73,Homogeneity [Test WS],Dynamic Spreadsheet,Active,636,13,APPROVED,false,false,13 - homogeneity v2 - APPROVED,homogeneity v2,APPROVED,false,,not_required_by_version_policy,,,DOM extraction,https://ait.qbench.net/worksheet?id=73,
73,Homogeneity [Test WS],Dynamic Spreadsheet,Active,633,12,OBSOLETE,false,false,12 - Homogeneity approved - OBSOLETE,Homogeneity approved,OBSOLETE,false,,not_required_by_version_policy,,,DOM extraction,https://ait.qbench.net/worksheet?id=73,
73,Homogeneity [Test WS],Dynamic Spreadsheet,Active,625,11,PENDING,false,false,11 - test automation - PENDING,test automation,PENDING Approve Reject,false,,not_required_by_version_policy,,,DOM extraction,https://ait.qbench.net/worksheet?id=73,
73,Homogeneity [Test WS],Dynamic Spreadsheet,Active,600,10,DRAFT,false,false,10 - [AIT-88] Add METRC table and named cells - DRAFT,[AIT-88] Add METRC table and named cells,DRAFT,false,,not_required_by_version_policy,,,DOM extraction,https://ait.qbench.net/worksheet?id=73,
73,Homogeneity [Test WS],Dynamic Spreadsheet,Active,412,9,APPROVED,false,false,9 - APPROVED,,APPROVED,false,,not_required_by_version_policy,,,DOM extraction,https://ait.qbench.net/worksheet?id=73,
73,Homogeneity [Test WS],Dynamic Spreadsheet,Active,322,8,PENDING,false,false,8 - PENDING,,PENDING Approve Reject,false,,not_required_by_version_policy,,,DOM extraction,https://ait.qbench.net/worksheet?id=73,
73,Homogeneity [Test WS],Dynamic Spreadsheet,Active,321,7,APPROVED,false,false,7 - APPROVED,,APPROVED,false,,not_required_by_version_policy,,,DOM extraction,https://ait.qbench.net/worksheet?id=73,
73,Homogeneity [Test WS],Dynamic Spreadsheet,Active,320,6,PENDING,false,false,6 - PENDING,,PENDING Approve Reject,false,,not_required_by_version_policy,,,DOM extraction,https://ait.qbench.net/worksheet?id=73,
73,Homogeneity [Test WS],Dynamic Spreadsheet,Active,319,5,PENDING,false,false,5 - PENDING,,PENDING Approve Reject,false,,not_required_by_version_policy,,,DOM extraction,https://ait.qbench.net/worksheet?id=73,
73,Homogeneity [Test WS],Dynamic Spreadsheet,Active,257,4,APPROVED,false,false,4 - APPROVED,,APPROVED,false,,not_required_by_version_policy,,,DOM extraction,https://ait.qbench.net/worksheet?id=73,
73,Homogeneity [Test WS],Dynamic Spreadsheet,Active,256,3,REJECTED,false,false,3 - REJECTED,,REJECTED,false,,not_required_by_version_policy,,,DOM extraction,https://ait.qbench.net/worksheet?id=73,
73,Homogeneity [Test WS],Dynamic Spreadsheet,Active,239,2,APPROVED,false,false,2 - APPROVED,,APPROVED,false,,not_required_by_version_policy,,,DOM extraction,https://ait.qbench.net/worksheet?id=73,
73,Homogeneity [Test WS],Dynamic Spreadsheet,Active,238,1,APPROVED,false,false,1 - APPROVED,,APPROVED,false,,not_required_by_version_policy,,,DOM extraction,https://ait.qbench.net/worksheet?id=73,
130,Incubator Temperature | 25C,Spreadsheet,Active,447,1,APPROVED,true,true,1 - APPROVED (ACTIVE),,APPROVED Active since 05/13/2026,true,active_approved,blocked_browser_tooling_no_download_event,,,DOM extraction,https://ait.qbench.net/worksheet?id=130,Native Export Spreadsheet control produced no downloadable file through available browser tooling.
124,Incubator Temperature | 36C,Spreadsheet,Active,440,2,APPROVED,true,true,2 - APPROVED (ACTIVE),,APPROVED Active since 05/13/2026,true,active_approved,blocked_browser_tooling_no_download_event,,,DOM extraction,https://ait.qbench.net/worksheet?id=124,Native Export Spreadsheet control produced no downloadable file through available browser tooling.
124,Incubator Temperature | 36C,Spreadsheet,Active,438,1,APPROVED,false,false,1 - APPROVED,,APPROVED,false,,not_required_by_version_policy,,,DOM extraction,https://ait.qbench.net/worksheet?id=124,
125,Incubator Temperature | 42C,Spreadsheet,Active,439,1,APPROVED,true,true,1 - APPROVED (ACTIVE),,APPROVED Active since 05/08/2026,true,active_approved,blocked_browser_tooling_no_download_event,,,DOM extraction,https://ait.qbench.net/worksheet?id=125,Native Export Spreadsheet control produced no downloadable file through available browser tooling.
86,Listeria Monocytogenes [Batch] Worksheet,Dynamic Spreadsheet,Active,374,4,APPROVED,true,true,4 - APPROVED (ACTIVE),,APPROVED Active since 04/22/2026,true,active_approved,blocked_browser_tooling_no_download_event,,,DOM extraction,https://ait.qbench.net/worksheet?id=86,Native Export Spreadsheet control produced no downloadable file through available browser tooling.
86,Listeria Monocytogenes [Batch] Worksheet,Dynamic Spreadsheet,Active,302,3,APPROVED,false,false,3 - APPROVED,,APPROVED,false,,not_required_by_version_policy,,,DOM extraction,https://ait.qbench.net/worksheet?id=86,
86,Listeria Monocytogenes [Batch] Worksheet,Dynamic Spreadsheet,Active,301,2,REJECTED,false,false,2 - REJECTED,,REJECTED,false,,not_required_by_version_policy,,,DOM extraction,https://ait.qbench.net/worksheet?id=86,
86,Listeria Monocytogenes [Batch] Worksheet,Dynamic Spreadsheet,Active,269,1,APPROVED,false,false,1 - APPROVED,,APPROVED,false,,not_required_by_version_policy,,,DOM extraction,https://ait.qbench.net/worksheet?id=86,
87,Listeria Monocytogenes [Test] Worksheet,Dynamic Spreadsheet,Active,705,9,DRAFT,false,true,9 - [AIT-88] Set default note for METRC export - DRAFT,[AIT-88] Set default note for METRC export,DRAFT,true,newer_nonactive_version,blocked_browser_tooling_no_download_event,,,DOM extraction,https://ait.qbench.net/worksheet?id=87,Native Export Spreadsheet control produced no downloadable file through available browser tooling.
87,Listeria Monocytogenes [Test] Worksheet,Dynamic Spreadsheet,Active,678,8,APPROVED,true,false,8 - KV Update - APPROVED (ACTIVE),KV Update,APPROVED Active since 08/05/2026,true,active_approved,blocked_browser_tooling_no_download_event,,,DOM extraction,https://ait.qbench.net/worksheet?id=87,Native Export Spreadsheet control produced no downloadable file through available browser tooling.
87,Listeria Monocytogenes [Test] Worksheet,Dynamic Spreadsheet,Active,601,7,DRAFT,false,false,7 - [AIT-88] Add METRC table and named cells - DRAFT,[AIT-88] Add METRC table and named cells,DRAFT,false,,not_required_by_version_policy,,,DOM extraction,https://ait.qbench.net/worksheet?id=87,
87,Listeria Monocytogenes [Test] Worksheet,Dynamic Spreadsheet,Active,530,6,APPROVED,false,false,6 - Fixed - APPROVED,Fixed,APPROVED,false,,not_required_by_version_policy,,,DOM extraction,https://ait.qbench.net/worksheet?id=87,
87,Listeria Monocytogenes [Test] Worksheet,Dynamic Spreadsheet,Active,423,5,APPROVED,false,false,5 - [AIT-82] Adjust report table - APPROVED,[AIT-82] Adjust report table,APPROVED,false,,not_required_by_version_policy,,,DOM extraction,https://ait.qbench.net/worksheet?id=87,
87,Listeria Monocytogenes [Test] Worksheet,Dynamic Spreadsheet,Active,413,4,APPROVED,false,false,4 - APPROVED,,APPROVED,false,,not_required_by_version_policy,,,DOM extraction,https://ait.qbench.net/worksheet?id=87,
87,Listeria Monocytogenes [Test] Worksheet,Dynamic Spreadsheet,Active,375,3,APPROVED,false,false,3 - APPROVED,,APPROVED,false,,not_required_by_version_policy,,,DOM extraction,https://ait.qbench.net/worksheet?id=87,
87,Listeria Monocytogenes [Test] Worksheet,Dynamic Spreadsheet,Active,318,2,APPROVED,false,false,2 - APPROVED,,APPROVED,false,,not_required_by_version_policy,,,DOM extraction,https://ait.qbench.net/worksheet?id=87,
87,Listeria Monocytogenes [Test] Worksheet,Dynamic Spreadsheet,Active,270,1,APPROVED,false,false,1 - APPROVED,,APPROVED,false,,not_required_by_version_policy,,,DOM extraction,https://ait.qbench.net/worksheet?id=87,
67,METRC Worksheet,Dynamic Spreadsheet,Active,232,1,DRAFT,false,true,1 - DRAFT,,DRAFT,true,latest_draft_or_pending_no_active,blocked_browser_tooling_no_download_event,,,DOM extraction,https://ait.qbench.net/worksheet?id=67,Native Export Spreadsheet control produced no downloadable file through available browser tooling.
10,Mycotoxin (Qualitative) [Test] Worksheet,Dynamic Spreadsheet,Active,698,28,DRAFT,false,true,28 - updated pass/fail - DRAFT,updated pass/fail,DRAFT,true,newer_nonactive_version,blocked_browser_tooling_no_download_event,,,DOM extraction,https://ait.qbench.net/worksheet?id=10,Native Export Spreadsheet control produced no downloadable file through available browser tooling.
10,Mycotoxin (Qualitative) [Test] Worksheet,Dynamic Spreadsheet,Active,679,27,APPROVED,false,false,27 - KV Update - APPROVED,KV Update,APPROVED,true,newer_nonactive_version,blocked_browser_tooling_no_download_event,,,DOM extraction,https://ait.qbench.net/worksheet?id=10,Native Export Spreadsheet control produced no downloadable file through available browser tooling.
10,Mycotoxin (Qualitative) [Test] Worksheet,Dynamic Spreadsheet,Active,602,26,APPROVED,true,false,26 - [AIT-88] Add METRC table and named cells - APPROVED (ACTIVE),[AIT-88] Add METRC table and named cells,APPROVED Active since 08/12/2026,true,active_approved,blocked_browser_tooling_no_download_event,,,DOM extraction,https://ait.qbench.net/worksheet?id=10,Native Export Spreadsheet control produced no downloadable file through available browser tooling.
10,Mycotoxin (Qualitative) [Test] Worksheet,Dynamic Spreadsheet,Active,428,25,APPROVED,false,false,25 - APPROVED,,APPROVED,false,,not_required_by_version_policy,,,DOM extraction,https://ait.qbench.net/worksheet?id=10,
10,Mycotoxin (Qualitative) [Test] Worksheet,Dynamic Spreadsheet,Active,427,24,PENDING,false,false,24 - PENDING,,PENDING Approve Reject,false,,not_required_by_version_policy,,,DOM extraction,https://ait.qbench.net/worksheet?id=10,
10,Mycotoxin (Qualitative) [Test] Worksheet,Dynamic Spreadsheet,Active,414,23,APPROVED,false,false,23 - APPROVED,,APPROVED,false,,not_required_by_version_policy,,,DOM extraction,https://ait.qbench.net/worksheet?id=10,
10,Mycotoxin (Qualitative) [Test] Worksheet,Dynamic Spreadsheet,Active,407,22,DRAFT,false,false,22 - DRAFT,,DRAFT,false,,not_required_by_version_policy,,,DOM extraction,https://ait.qbench.net/worksheet?id=10,
10,Mycotoxin (Qualitative) [Test] Worksheet,Dynamic Spreadsheet,Active,401,21,APPROVED,false,false,21 - APPROVED,,APPROVED,false,,not_required_by_version_policy,,,DOM extraction,https://ait.qbench.net/worksheet?id=10,
10,Mycotoxin (Qualitative) [Test] Worksheet,Dynamic Spreadsheet,Active,317,20,APPROVED,false,false,20 - APPROVED,,APPROVED,false,,not_required_by_version_policy,,,DOM extraction,https://ait.qbench.net/worksheet?id=10,
10,Mycotoxin (Qualitative) [Test] Worksheet,Dynamic Spreadsheet,Active,243,19,APPROVED,false,false,19 - APPROVED,,APPROVED,false,,not_required_by_version_policy,,,DOM extraction,https://ait.qbench.net/worksheet?id=10,
10,Mycotoxin (Qualitative) [Test] Worksheet,Dynamic Spreadsheet,Active,242,18,APPROVED,false,false,18 - APPROVED,,APPROVED,false,,not_required_by_version_policy,,,DOM extraction,https://ait.qbench.net/worksheet?id=10,
10,Mycotoxin (Qualitative) [Test] Worksheet,Dynamic Spreadsheet,Active,223,17,APPROVED,false,false,17 - APPROVED,,APPROVED,false,,not_required_by_version_policy,,,DOM extraction,https://ait.qbench.net/worksheet?id=10,
10,Mycotoxin (Qualitative) [Test] Worksheet,Dynamic Spreadsheet,Active,221,16,APPROVED,false,false,16 - APPROVED,,APPROVED,false,,not_required_by_version_policy,,,DOM extraction,https://ait.qbench.net/worksheet?id=10,
10,Mycotoxin (Qualitative) [Test] Worksheet,Dynamic Spreadsheet,Active,200,15,APPROVED,false,false,15 - APPROVED,,APPROVED,false,,not_required_by_version_policy,,,DOM extraction,https://ait.qbench.net/worksheet?id=10,
10,Mycotoxin (Qualitative) [Test] Worksheet,Dynamic Spreadsheet,Active,195,14,APPROVED,false,false,14 - APPROVED,,APPROVED,false,,not_required_by_version_policy,,,DOM extraction,https://ait.qbench.net/worksheet?id=10,
10,Mycotoxin (Qualitative) [Test] Worksheet,Dynamic Spreadsheet,Active,187,13,APPROVED,false,false,13 - APPROVED,,APPROVED,false,,not_required_by_version_policy,,,DOM extraction,https://ait.qbench.net/worksheet?id=10,
10,Mycotoxin (Qualitative) [Test] Worksheet,Dynamic Spreadsheet,Active,180,12,APPROVED,false,false,12 - APPROVED,,APPROVED,false,,not_required_by_version_policy,,,DOM extraction,https://ait.qbench.net/worksheet?id=10,
10,Mycotoxin (Qualitative) [Test] Worksheet,Dynamic Spreadsheet,Active,166,11,OBSOLETE,false,false,11 - OBSOLETE,,OBSOLETE,false,,not_required_by_version_policy,,,DOM extraction,https://ait.qbench.net/worksheet?id=10,
10,Mycotoxin (Qualitative) [Test] Worksheet,Dynamic Spreadsheet,Active,142,10,OBSOLETE,false,false,10 - OBSOLETE,,OBSOLETE,false,,not_required_by_version_policy,,,DOM extraction,https://ait.qbench.net/worksheet?id=10,
10,Mycotoxin (Qualitative) [Test] Worksheet,Dynamic Spreadsheet,Active,139,9,OBSOLETE,false,false,9 - OBSOLETE,,OBSOLETE,false,,not_required_by_version_policy,,,DOM extraction,https://ait.qbench.net/worksheet?id=10,
10,Mycotoxin (Qualitative) [Test] Worksheet,Dynamic Spreadsheet,Active,138,8,OBSOLETE,false,false,8 - OBSOLETE,,OBSOLETE,false,,not_required_by_version_policy,,,DOM extraction,https://ait.qbench.net/worksheet?id=10,
10,Mycotoxin (Qualitative) [Test] Worksheet,Dynamic Spreadsheet,Active,137,7,APPROVED,false,false,7 - APPROVED,,APPROVED,false,,not_required_by_version_policy,,,DOM extraction,https://ait.qbench.net/worksheet?id=10,
10,Mycotoxin (Qualitative) [Test] Worksheet,Dynamic Spreadsheet,Active,136,6,APPROVED,false,false,6 - APPROVED,,APPROVED,false,,not_required_by_version_policy,,,DOM extraction,https://ait.qbench.net/worksheet?id=10,
10,Mycotoxin (Qualitative) [Test] Worksheet,Dynamic Spreadsheet,Active,135,5,REJECTED,false,false,5 - REJECTED,,REJECTED,false,,not_required_by_version_policy,,,DOM extraction,https://ait.qbench.net/worksheet?id=10,
10,Mycotoxin (Qualitative) [Test] Worksheet,Dynamic Spreadsheet,Active,117,4,APPROVED,false,false,4 - APPROVED,,APPROVED,false,,not_required_by_version_policy,,,DOM extraction,https://ait.qbench.net/worksheet?id=10,
10,Mycotoxin (Qualitative) [Test] Worksheet,Dynamic Spreadsheet,Active,90,3,REJECTED,false,false,3 - REJECTED,,REJECTED,false,,not_required_by_version_policy,,,DOM extraction,https://ait.qbench.net/worksheet?id=10,
10,Mycotoxin (Qualitative) [Test] Worksheet,Dynamic Spreadsheet,Active,47,2,APPROVED,false,false,2 - APPROVED,,APPROVED,false,,not_required_by_version_policy,,,DOM extraction,https://ait.qbench.net/worksheet?id=10,
10,Mycotoxin (Qualitative) [Test] Worksheet,Dynamic Spreadsheet,Active,11,1,REJECTED,false,false,1 - REJECTED,,REJECTED,false,,not_required_by_version_policy,,,DOM extraction,https://ait.qbench.net/worksheet?id=10,
9,Mycotoxin (Quantitative) [Batch] Worksheet,Dynamic Spreadsheet,Active,300,8,APPROVED,true,true,8 - APPROVED (ACTIVE),,APPROVED Active since 04/20/2026,true,active_approved,blocked_browser_tooling_no_download_event,,,DOM extraction,https://ait.qbench.net/worksheet?id=9,Native Export Spreadsheet control produced no downloadable file through available browser tooling.
9,Mycotoxin (Quantitative) [Batch] Worksheet,Dynamic Spreadsheet,Active,299,7,PENDING,false,false,7 - PENDING,,PENDING Approve Reject,false,,not_required_by_version_policy,,,DOM extraction,https://ait.qbench.net/worksheet?id=9,
9,Mycotoxin (Quantitative) [Batch] Worksheet,Dynamic Spreadsheet,Active,254,6,APPROVED,false,false,6 - APPROVED,,APPROVED,false,,not_required_by_version_policy,,,DOM extraction,https://ait.qbench.net/worksheet?id=9,
9,Mycotoxin (Quantitative) [Batch] Worksheet,Dynamic Spreadsheet,Active,134,5,APPROVED,false,false,5 - APPROVED,,APPROVED,false,,not_required_by_version_policy,,,DOM extraction,https://ait.qbench.net/worksheet?id=9,
9,Mycotoxin (Quantitative) [Batch] Worksheet,Dynamic Spreadsheet,Active,118,4,APPROVED,false,false,4 - APPROVED,,APPROVED,false,,not_required_by_version_policy,,,DOM extraction,https://ait.qbench.net/worksheet?id=9,
9,Mycotoxin (Quantitative) [Batch] Worksheet,Dynamic Spreadsheet,Active,46,3,APPROVED,false,false,3 - APPROVED,,APPROVED,false,,not_required_by_version_policy,,,DOM extraction,https://ait.qbench.net/worksheet?id=9,
9,Mycotoxin (Quantitative) [Batch] Worksheet,Dynamic Spreadsheet,Active,45,2,REJECTED,false,false,2 - REJECTED,,REJECTED,false,,not_required_by_version_policy,,,DOM extraction,https://ait.qbench.net/worksheet?id=9,
9,Mycotoxin (Quantitative) [Batch] Worksheet,Dynamic Spreadsheet,Active,12,1,REJECTED,false,false,1 - REJECTED,,REJECTED,false,,not_required_by_version_policy,,,DOM extraction,https://ait.qbench.net/worksheet?id=9,
66,Mycotoxin [Protocol WS] Calculations and Reporting of Results,Dynamic Spreadsheet,Active,220,1,APPROVED,true,true,1 - APPROVED (ACTIVE),,APPROVED Active since 04/10/2026,true,active_approved,blocked_browser_tooling_no_download_event,,,DOM extraction,https://ait.qbench.net/worksheet?id=66,Native Export Spreadsheet control produced no downloadable file through available browser tooling.
65,Mycotoxin [Protocol WS] Laboratory Controls,Dynamic Spreadsheet,Active,219,3,APPROVED,true,true,3 - APPROVED (ACTIVE),,APPROVED Active since 04/10/2026,true,active_approved,blocked_browser_tooling_no_download_event,,,DOM extraction,https://ait.qbench.net/worksheet?id=65,Native Export Spreadsheet control produced no downloadable file through available browser tooling.
65,Mycotoxin [Protocol WS] Laboratory Controls,Dynamic Spreadsheet,Active,218,2,REJECTED,false,false,2 - REJECTED,,REJECTED,false,,not_required_by_version_policy,,,DOM extraction,https://ait.qbench.net/worksheet?id=65,
65,Mycotoxin [Protocol WS] Laboratory Controls,Dynamic Spreadsheet,Active,217,1,REJECTED,false,false,1 - REJECTED,,REJECTED,false,,not_required_by_version_policy,,,DOM extraction,https://ait.qbench.net/worksheet?id=65,
64,Mycotoxin [Protocol WS] LC-MS/MS Setup and Measurement,Dynamic Spreadsheet,Active,216,2,APPROVED,true,true,2 - APPROVED (ACTIVE),,APPROVED Active since 04/10/2026,true,active_approved,blocked_browser_tooling_no_download_event,,,DOM extraction,https://ait.qbench.net/worksheet?id=64,Native Export Spreadsheet control produced no downloadable file through available browser tooling.
64,Mycotoxin [Protocol WS] LC-MS/MS Setup and Measurement,Dynamic Spreadsheet,Active,212,1,OBSOLETE,false,false,1 - OBSOLETE,,OBSOLETE,false,,not_required_by_version_policy,,,DOM extraction,https://ait.qbench.net/worksheet?id=64,
63,Mycotoxin [Protocol WS] Preparation of Standards,Dynamic Spreadsheet,Active,215,2,APPROVED,true,true,2 - APPROVED (ACTIVE),,APPROVED Active since 04/10/2026,true,active_approved,blocked_browser_tooling_no_download_event,,,DOM extraction,https://ait.qbench.net/worksheet?id=63,Native Export Spreadsheet control produced no downloadable file through available browser tooling.
63,Mycotoxin [Protocol WS] Preparation of Standards,Dynamic Spreadsheet,Active,211,1,OBSOLETE,false,false,1 - OBSOLETE,,OBSOLETE,false,,not_required_by_version_policy,,,DOM extraction,https://ait.qbench.net/worksheet?id=63,
60,Mycotoxins [Protocol WS] Preparation of Lab Control Samples,Dynamic Spreadsheet,Active,208,1,APPROVED,true,true,1 - APPROVED (ACTIVE),,APPROVED Active since 04/10/2026,true,active_approved,blocked_browser_tooling_no_download_event,,,DOM extraction,https://ait.qbench.net/worksheet?id=60,Native Export Spreadsheet control produced no downloadable file through available browser tooling.
62,Mycotoxins [Protocol WS] Preparation of Sample | Centrifuge & Positive Pressure,Dynamic Spreadsheet,Active,267,3,APPROVED,true,true,3 - APPROVED (ACTIVE),,APPROVED Active since 04/18/2026,true,active_approved,blocked_browser_tooling_no_download_event,,,DOM extraction,https://ait.qbench.net/worksheet?id=62,Native Export Spreadsheet control produced no downloadable file through available browser tooling.
62,Mycotoxins [Protocol WS] Preparation of Sample | Centrifuge & Positive Pressure,Dynamic Spreadsheet,Active,214,2,APPROVED,false,false,2 - APPROVED,,APPROVED,false,,not_required_by_version_policy,,,DOM extraction,https://ait.qbench.net/worksheet?id=62,
62,Mycotoxins [Protocol WS] Preparation of Sample | Centrifuge & Positive Pressure,Dynamic Spreadsheet,Active,210,1,OBSOLETE,false,false,1 - OBSOLETE,,OBSOLETE,false,,not_required_by_version_policy,,,DOM extraction,https://ait.qbench.net/worksheet?id=62,
61,Mycotoxins [Protocol WS] Preparation of Sample | Weigh & Vortex,Dynamic Spreadsheet,Active,213,2,APPROVED,true,true,2 - APPROVED (ACTIVE),,APPROVED Active since 04/10/2026,true,active_approved,blocked_browser_tooling_no_download_event,,,DOM extraction,https://ait.qbench.net/worksheet?id=61,Native Export Spreadsheet control produced no downloadable file through available browser tooling.
61,Mycotoxins [Protocol WS] Preparation of Sample | Weigh & Vortex,Dynamic Spreadsheet,Active,209,1,APPROVED,false,false,1 - APPROVED,,APPROVED,false,,not_required_by_version_policy,,,DOM extraction,https://ait.qbench.net/worksheet?id=61,
150,Pest (Quantitative Flower) [Protocol WS] Preparation of Lab Control Samples | Sample Preparation 1,Dynamic Spreadsheet,Active,648,3,APPROVED,true,true,3 - APPROVED (ACTIVE),,APPROVED Active since 07/23/2026,true,active_approved,blocked_browser_tooling_no_download_event,,,DOM extraction,https://ait.qbench.net/worksheet?id=150,Native Export Spreadsheet control produced no downloadable file through available browser tooling.
150,Pest (Quantitative Flower) [Protocol WS] Preparation of Lab Control Samples | Sample Preparation 1,Dynamic Spreadsheet,Active,646,2,APPROVED,false,false,2 - APPROVED,,APPROVED,false,,not_required_by_version_policy,,,DOM extraction,https://ait.qbench.net/worksheet?id=150,
150,Pest (Quantitative Flower) [Protocol WS] Preparation of Lab Control Samples | Sample Preparation 1,Dynamic Spreadsheet,Active,643,1,APPROVED,false,false,1 - APPROVED,,APPROVED,false,,not_required_by_version_policy,,,DOM extraction,https://ait.qbench.net/worksheet?id=150,
153,Pest (Quantitative Flower) [Protocol WS] Preparation of Lab Control Samples | Sample Preparation 2,Dynamic Spreadsheet,Active,649,2,APPROVED,true,true,2 - APPROVED (ACTIVE),,APPROVED Active since 07/23/2026,true,active_approved,blocked_browser_tooling_no_download_event,,,DOM extraction,https://ait.qbench.net/worksheet?id=153,Native Export Spreadsheet control produced no downloadable file through available browser tooling.
153,Pest (Quantitative Flower) [Protocol WS] Preparation of Lab Control Samples | Sample Preparation 2,Dynamic Spreadsheet,Active,647,1,PENDING,false,false,1 - PENDING,,PENDING Approve Reject,false,,not_required_by_version_policy,,,DOM extraction,https://ait.qbench.net/worksheet?id=153,
151,Pest (Quantitative Flower) [Protocol WS] Preparation of Samples | Sample Preparation 1,Dynamic Spreadsheet,Active,644,1,DRAFT,false,true,1 - DRAFT,,DRAFT,true,latest_draft_or_pending_no_active,blocked_browser_tooling_no_download_event,,,DOM extraction,https://ait.qbench.net/worksheet?id=151,Native Export Spreadsheet control produced no downloadable file through available browser tooling.
154,Pest (Quantitative Flower) [Protocol WS] Preparation of Samples | Sample Preparation 2,Dynamic Spreadsheet,Active,650,1,APPROVED,true,true,1 - APPROVED (ACTIVE),,APPROVED Active since 07/23/2026,true,active_approved,blocked_browser_tooling_no_download_event,,,DOM extraction,https://ait.qbench.net/worksheet?id=154,Native Export Spreadsheet control produced no downloadable file through available browser tooling.
152,Pest (Quantitative Flower) [Protocol WS] Preparation of Standards | Sample Preparation 1,Dynamic Spreadsheet,Active,651,2,APPROVED,true,true,2 - APPROVED (ACTIVE),,APPROVED Active since 07/23/2026,true,active_approved,blocked_browser_tooling_no_download_event,,,DOM extraction,https://ait.qbench.net/worksheet?id=152,Native Export Spreadsheet control produced no downloadable file through available browser tooling.
152,Pest (Quantitative Flower) [Protocol WS] Preparation of Standards | Sample Preparation 1,Dynamic Spreadsheet,Active,645,1,APPROVED,false,false,1 - APPROVED,,APPROVED,false,,not_required_by_version_policy,,,DOM extraction,https://ait.qbench.net/worksheet?id=152,
155,Pest (Quantitative Flower) [Protocol WS] Preparation of Standards | Sample Preparation 2,Dynamic Spreadsheet,Active,652,1,APPROVED,true,true,1 - APPROVED (ACTIVE),,APPROVED Active since 07/23/2026,true,active_approved,blocked_browser_tooling_no_download_event,,,DOM extraction,https://ait.qbench.net/worksheet?id=155,Native Export Spreadsheet control produced no downloadable file through available browser tooling.
157,Pest (Quantitative) [Protocol WS] Calculations and Reporting of Results,Dynamic Spreadsheet,Active,656,1,APPROVED,true,true,1 - APPROVED (ACTIVE),,APPROVED Active since 07/23/2026,true,active_approved,blocked_browser_tooling_no_download_event,,,DOM extraction,https://ait.qbench.net/worksheet?id=157,Native Export Spreadsheet control produced no downloadable file through available browser tooling.
156,Pest (Quantitative) [Protocol WS] Laboratory Control Requirements,Dynamic Spreadsheet,Active,655,1,APPROVED,true,true,1 - APPROVED (ACTIVE),,APPROVED Active since 07/23/2026,true,active_approved,blocked_browser_tooling_no_download_event,,,DOM extraction,https://ait.qbench.net/worksheet?id=156,Native Export Spreadsheet control produced no downloadable file through available browser tooling.
79,Pest Myco (Qualitative) [Protocol WS] Calculations and Reporting of Results,Dynamic Spreadsheet,Active,250,2,APPROVED,true,true,2 - APPROVED (ACTIVE),,APPROVED Active since 04/17/2026,true,active_approved,blocked_browser_tooling_no_download_event,,,DOM extraction,https://ait.qbench.net/worksheet?id=79,Native Export Spreadsheet control produced no downloadable file through available browser tooling.
79,Pest Myco (Qualitative) [Protocol WS] Calculations and Reporting of Results,Dynamic Spreadsheet,Active,249,1,APPROVED,false,false,1 - APPROVED,,APPROVED,false,,not_required_by_version_policy,,,DOM extraction,https://ait.qbench.net/worksheet?id=79,
78,Pest Myco (Qualitative) [Protocol WS] Laboratory Control Requirements,Dynamic Spreadsheet,Active,248,1,APPROVED,true,true,1 - APPROVED (ACTIVE),,APPROVED Active since 04/17/2026,true,active_approved,blocked_browser_tooling_no_download_event,,,DOM extraction,https://ait.qbench.net/worksheet?id=78,Native Export Spreadsheet control produced no downloadable file through available browser tooling.
77,Pest Myco (Qualitative) [Protocol WS] LC-MS/MS Setup and Measurement,Dynamic Spreadsheet,Active,247,1,APPROVED,true,true,1 - APPROVED (ACTIVE),,APPROVED Active since 04/17/2026,true,active_approved,blocked_browser_tooling_no_download_event,,,DOM extraction,https://ait.qbench.net/worksheet?id=77,Native Export Spreadsheet control produced no downloadable file through available browser tooling.
74,Pest Myco Qualitative [Protocol WS] Preparation of Laboratory Control Samples,Dynamic Spreadsheet,Active,245,2,APPROVED,true,true,2 - APPROVED (ACTIVE),,APPROVED Active since 04/17/2026,true,active_approved,blocked_browser_tooling_no_download_event,,,DOM extraction,https://ait.qbench.net/worksheet?id=74,Native Export Spreadsheet control produced no downloadable file through available browser tooling.
74,Pest Myco Qualitative [Protocol WS] Preparation of Laboratory Control Samples,Dynamic Spreadsheet,Active,244,1,REJECTED,false,false,1 - REJECTED,,REJECTED,false,,not_required_by_version_policy,,,DOM extraction,https://ait.qbench.net/worksheet?id=74,
75,Pest Myco Qualitative [Protocol WS] Preparation of Samples,Dynamic Spreadsheet,Active,246,1,APPROVED,true,true,1 - APPROVED (ACTIVE),,APPROVED Active since 04/17/2026,true,active_approved,blocked_browser_tooling_no_download_event,,,DOM extraction,https://ait.qbench.net/worksheet?id=75,Native Export Spreadsheet control produced no downloadable file through available browser tooling.
76,Pest Myco [Protocol WS] LC-MS/MS Setup and Measurement,Dynamic Spreadsheet,Active,654,2,APPROVED,true,true,2 - APPROVED (ACTIVE),,APPROVED Active since 07/23/2026,true,active_approved,blocked_browser_tooling_no_download_event,,,DOM extraction,https://ait.qbench.net/worksheet?id=76,Native Export Spreadsheet control produced no downloadable file through available browser tooling.
76,Pest Myco [Protocol WS] LC-MS/MS Setup and Measurement,Dynamic Spreadsheet,Active,653,1,APPROVED,false,false,1 - APPROVED,,APPROVED,false,,not_required_by_version_policy,,,DOM extraction,https://ait.qbench.net/worksheet?id=76,
14,Pesticides (Qualitative) [Test] Worksheet,Dynamic Spreadsheet,Active,700,30,DRAFT,false,true,30 - [AIT-88] Add named cells for METRC - DRAFT,[AIT-88] Add named cells for METRC,DRAFT,true,newer_nonactive_version,blocked_browser_tooling_no_download_event,,,DOM extraction,https://ait.qbench.net/worksheet?id=14,Native Export Spreadsheet control produced no downloadable file through available browser tooling.
14,Pesticides (Qualitative) [Test] Worksheet,Dynamic Spreadsheet,Active,681,29,APPROVED,true,false,29 - KV Update - APPROVED (ACTIVE),KV Update,APPROVED Active since 08/05/2026,true,active_approved,blocked_browser_tooling_no_download_event,,,DOM extraction,https://ait.qbench.net/worksheet?id=14,Native Export Spreadsheet control produced no downloadable file through available browser tooling.
14,Pesticides (Qualitative) [Test] Worksheet,Dynamic Spreadsheet,Active,680,28,PENDING,false,false,28 - KV Update - PENDING,KV Update,PENDING Approve Reject,false,,not_required_by_version_policy,,,DOM extraction,https://ait.qbench.net/worksheet?id=14,
14,Pesticides (Qualitative) [Test] Worksheet,Dynamic Spreadsheet,Active,637,27,DRAFT,false,false,27 - [AIT-88] Add METRC table and named cells - DRAFT,[AIT-88] Add METRC table and named cells,DRAFT,false,,not_required_by_version_policy,,,DOM extraction,https://ait.qbench.net/worksheet?id=14,
14,Pesticides (Qualitative) [Test] Worksheet,Dynamic Spreadsheet,Active,634,26,APPROVED,false,false,26 - Abamectin - APPROVED,Abamectin,APPROVED,false,,not_required_by_version_policy,,,DOM extraction,https://ait.qbench.net/worksheet?id=14,
14,Pesticides (Qualitative) [Test] Worksheet,Dynamic Spreadsheet,Active,607,25,DRAFT,false,false,25 - [AIT-88] Add METRC table and named cells - DRAFT,[AIT-88] Add METRC table and named cells,DRAFT,false,,not_required_by_version_policy,,,DOM extraction,https://ait.qbench.net/worksheet?id=14,
14,Pesticides (Qualitative) [Test] Worksheet,Dynamic Spreadsheet,Active,595,24,APPROVED,false,false,24 - new edit - APPROVED,new edit,APPROVED,false,,not_required_by_version_policy,,,DOM extraction,https://ait.qbench.net/worksheet?id=14,
14,Pesticides (Qualitative) [Test] Worksheet,Dynamic Spreadsheet,Active,505,23,APPROVED,false,false,23 - APPROVED,,APPROVED,false,,not_required_by_version_policy,,,DOM extraction,https://ait.qbench.net/worksheet?id=14,
14,Pesticides (Qualitative) [Test] Worksheet,Dynamic Spreadsheet,Active,504,22,APPROVED,false,false,22 - APPROVED,,APPROVED,false,,not_required_by_version_policy,,,DOM extraction,https://ait.qbench.net/worksheet?id=14,
14,Pesticides (Qualitative) [Test] Worksheet,Dynamic Spreadsheet,Active,503,21,APPROVED,false,false,21 - APPROVED,,APPROVED,false,,not_required_by_version_policy,,,DOM extraction,https://ait.qbench.net/worksheet?id=14,
14,Pesticides (Qualitative) [Test] Worksheet,Dynamic Spreadsheet,Active,501,20,APPROVED,false,false,20 - test - APPROVED,test,APPROVED,false,,not_required_by_version_policy,,,DOM extraction,https://ait.qbench.net/worksheet?id=14,
14,Pesticides (Qualitative) [Test] Worksheet,Dynamic Spreadsheet,Active,500,19,OBSOLETE,false,false,19 - test - OBSOLETE,test,OBSOLETE,false,,not_required_by_version_policy,,,DOM extraction,https://ait.qbench.net/worksheet?id=14,
14,Pesticides (Qualitative) [Test] Worksheet,Dynamic Spreadsheet,Active,499,18,APPROVED,false,false,18 - test - APPROVED,test,APPROVED,false,,not_required_by_version_policy,,,DOM extraction,https://ait.qbench.net/worksheet?id=14,
14,Pesticides (Qualitative) [Test] Worksheet,Dynamic Spreadsheet,Active,498,17,APPROVED,false,false,17 - test - APPROVED,test,APPROVED,false,,not_required_by_version_policy,,,DOM extraction,https://ait.qbench.net/worksheet?id=14,
14,Pesticides (Qualitative) [Test] Worksheet,Dynamic Spreadsheet,Active,495,16,APPROVED,false,false,16 - test - APPROVED,test,APPROVED,false,,not_required_by_version_policy,,,DOM extraction,https://ait.qbench.net/worksheet?id=14,
14,Pesticides (Qualitative) [Test] Worksheet,Dynamic Spreadsheet,Active,490,15,APPROVED,false,false,15 - APPROVED,,APPROVED,false,,not_required_by_version_policy,,,DOM extraction,https://ait.qbench.net/worksheet?id=14,
14,Pesticides (Qualitative) [Test] Worksheet,Dynamic Spreadsheet,Active,489,14,PENDING,false,false,14 - PENDING,,PENDING Approve Reject,false,,not_required_by_version_policy,,,DOM extraction,https://ait.qbench.net/worksheet?id=14,
14,Pesticides (Qualitative) [Test] Worksheet,Dynamic Spreadsheet,Active,418,13,APPROVED,false,false,13 - APPROVED,,APPROVED,false,,not_required_by_version_policy,,,DOM extraction,https://ait.qbench.net/worksheet?id=14,
14,Pesticides (Qualitative) [Test] Worksheet,Dynamic Spreadsheet,Active,416,12,APPROVED,false,false,12 - VC - df - APPROVED,VC - df,APPROVED,false,,not_required_by_version_policy,,,DOM extraction,https://ait.qbench.net/worksheet?id=14,
14,Pesticides (Qualitative) [Test] Worksheet,Dynamic Spreadsheet,Active,402,11,APPROVED,false,false,11 - APPROVED,,APPROVED,false,,not_required_by_version_policy,,,DOM extraction,https://ait.qbench.net/worksheet?id=14,
14,Pesticides (Qualitative) [Test] Worksheet,Dynamic Spreadsheet,Active,392,10,APPROVED,false,false,10 - APPROVED,,APPROVED,false,,not_required_by_version_policy,,,DOM extraction,https://ait.qbench.net/worksheet?id=14,
14,Pesticides (Qualitative) [Test] Worksheet,Dynamic Spreadsheet,Active,325,9,APPROVED,false,false,9 - APPROVED,,APPROVED,false,,not_required_by_version_policy,,,DOM extraction,https://ait.qbench.net/worksheet?id=14,
14,Pesticides (Qualitative) [Test] Worksheet,Dynamic Spreadsheet,Active,316,8,APPROVED,false,false,8 - APPROVED,,APPROVED,false,,not_required_by_version_policy,,,DOM extraction,https://ait.qbench.net/worksheet?id=14,
14,Pesticides (Qualitative) [Test] Worksheet,Dynamic Spreadsheet,Active,241,7,APPROVED,false,false,7 - APPROVED,,APPROVED,false,,not_required_by_version_policy,,,DOM extraction,https://ait.qbench.net/worksheet?id=14,
14,Pesticides (Qualitative) [Test] Worksheet,Dynamic Spreadsheet,Active,228,6,APPROVED,false,false,6 - APPROVED,,APPROVED,false,,not_required_by_version_policy,,,DOM extraction,https://ait.qbench.net/worksheet?id=14,
14,Pesticides (Qualitative) [Test] Worksheet,Dynamic Spreadsheet,Active,205,5,APPROVED,false,false,5 - APPROVED,,APPROVED,false,,not_required_by_version_policy,,,DOM extraction,https://ait.qbench.net/worksheet?id=14,
14,Pesticides (Qualitative) [Test] Worksheet,Dynamic Spreadsheet,Active,201,4,APPROVED,false,false,4 - APPROVED,,APPROVED,false,,not_required_by_version_policy,,,DOM extraction,https://ait.qbench.net/worksheet?id=14,
14,Pesticides (Qualitative) [Test] Worksheet,Dynamic Spreadsheet,Active,168,3,APPROVED,false,false,3 - APPROVED,,APPROVED,false,,not_required_by_version_policy,,,DOM extraction,https://ait.qbench.net/worksheet?id=14,
14,Pesticides (Qualitative) [Test] Worksheet,Dynamic Spreadsheet,Active,167,2,APPROVED,false,false,2 - APPROVED,,APPROVED,false,,not_required_by_version_policy,,,DOM extraction,https://ait.qbench.net/worksheet?id=14,
14,Pesticides (Qualitative) [Test] Worksheet,Dynamic Spreadsheet,Active,16,1,REJECTED,false,false,1 - REJECTED,,REJECTED,false,,not_required_by_version_policy,,,DOM extraction,https://ait.qbench.net/worksheet?id=14,
13,Pesticides (Quantitative) [Batch] Worksheet,Dynamic Spreadsheet,Active,298,5,APPROVED,true,true,5 - APPROVED (ACTIVE),,APPROVED Active since 04/20/2026,true,active_approved,blocked_browser_tooling_no_download_event,,,DOM extraction,https://ait.qbench.net/worksheet?id=13,Native Export Spreadsheet control produced no downloadable file through available browser tooling.
13,Pesticides (Quantitative) [Batch] Worksheet,Dynamic Spreadsheet,Active,297,4,APPROVED,false,false,4 - APPROVED,,APPROVED,false,,not_required_by_version_policy,,,DOM extraction,https://ait.qbench.net/worksheet?id=13,
13,Pesticides (Quantitative) [Batch] Worksheet,Dynamic Spreadsheet,Active,294,3,APPROVED,false,false,3 - APPROVED,,APPROVED,false,,not_required_by_version_policy,,,DOM extraction,https://ait.qbench.net/worksheet?id=13,
13,Pesticides (Quantitative) [Batch] Worksheet,Dynamic Spreadsheet,Active,293,2,PENDING,false,false,2 - PENDING,,PENDING Approve Reject,false,,not_required_by_version_policy,,,DOM extraction,https://ait.qbench.net/worksheet?id=13,
13,Pesticides (Quantitative) [Batch] Worksheet,Dynamic Spreadsheet,Active,15,1,APPROVED,false,false,1 - APPROVED,,APPROVED,false,,not_required_by_version_policy,,,DOM extraction,https://ait.qbench.net/worksheet?id=13,
16,Pesticides (Quantitative) [Test] Worksheet,Dynamic Spreadsheet,Active,682,7,APPROVED,true,true,7 - KV Update - APPROVED (ACTIVE),KV Update,APPROVED Active since 08/05/2026,true,active_approved,blocked_browser_tooling_no_download_event,,,DOM extraction,https://ait.qbench.net/worksheet?id=16,Native Export Spreadsheet control produced no downloadable file through available browser tooling.
16,Pesticides (Quantitative) [Test] Worksheet,Dynamic Spreadsheet,Active,593,6,APPROVED,false,false,6 - new edit - APPROVED,new edit,APPROVED,false,,not_required_by_version_policy,,,DOM extraction,https://ait.qbench.net/worksheet?id=16,
16,Pesticides (Quantitative) [Test] Worksheet,Dynamic Spreadsheet,Active,497,5,APPROVED,false,false,5 - draft - APPROVED,draft,APPROVED,false,,not_required_by_version_policy,,,DOM extraction,https://ait.qbench.net/worksheet?id=16,
16,Pesticides (Quantitative) [Test] Worksheet,Dynamic Spreadsheet,Active,496,4,APPROVED,false,false,4 - draft - APPROVED,draft,APPROVED,false,,not_required_by_version_policy,,,DOM extraction,https://ait.qbench.net/worksheet?id=16,
16,Pesticides (Quantitative) [Test] Worksheet,Dynamic Spreadsheet,Active,403,3,APPROVED,false,false,3 - APPROVED,,APPROVED,false,,not_required_by_version_policy,,,DOM extraction,https://ait.qbench.net/worksheet?id=16,
16,Pesticides (Quantitative) [Test] Worksheet,Dynamic Spreadsheet,Active,315,2,APPROVED,false,false,2 - APPROVED,,APPROVED,false,,not_required_by_version_policy,,,DOM extraction,https://ait.qbench.net/worksheet?id=16,
16,Pesticides (Quantitative) [Test] Worksheet,Dynamic Spreadsheet,Active,17,1,REJECTED,false,false,1 - REJECTED,,REJECTED,false,,not_required_by_version_policy,,,DOM extraction,https://ait.qbench.net/worksheet?id=16,
15,Pesticide_Myco (Qualitative) [Batch] Worksheet,Dynamic Spreadsheet,Active,635,13,APPROVED,true,true,13 - Abamectin - APPROVED (ACTIVE),Abamectin,APPROVED Active since 07/03/2026,true,active_approved,blocked_browser_tooling_no_download_event,,,DOM extraction,https://ait.qbench.net/worksheet?id=15,Native Export Spreadsheet control produced no downloadable file through available browser tooling.
15,Pesticide_Myco (Qualitative) [Batch] Worksheet,Dynamic Spreadsheet,Active,632,12,APPROVED,false,false,12 - APPROVED,,APPROVED,false,,not_required_by_version_policy,,,DOM extraction,https://ait.qbench.net/worksheet?id=15,
15,Pesticide_Myco (Qualitative) [Batch] Worksheet,Dynamic Spreadsheet,Active,631,11,PENDING,false,false,11 - PENDING,,PENDING Approve Reject,false,,not_required_by_version_policy,,,DOM extraction,https://ait.qbench.net/worksheet?id=15,
15,Pesticide_Myco (Qualitative) [Batch] Worksheet,Dynamic Spreadsheet,Active,630,10,APPROVED,false,false,10 - APPROVED,,APPROVED,false,,not_required_by_version_policy,,,DOM extraction,https://ait.qbench.net/worksheet?id=15,
15,Pesticide_Myco (Qualitative) [Batch] Worksheet,Dynamic Spreadsheet,Active,586,9,APPROVED,false,false,9 - APPROVED,,APPROVED,false,,not_required_by_version_policy,,,DOM extraction,https://ait.qbench.net/worksheet?id=15,
15,Pesticide_Myco (Qualitative) [Batch] Worksheet,Dynamic Spreadsheet,Active,502,8,APPROVED,false,false,8 - APPROVED,,APPROVED,false,,not_required_by_version_policy,,,DOM extraction,https://ait.qbench.net/worksheet?id=15,
15,Pesticide_Myco (Qualitative) [Batch] Worksheet,Dynamic Spreadsheet,Active,491,7,APPROVED,false,false,7 - APPROVED,,APPROVED,false,,not_required_by_version_policy,,,DOM extraction,https://ait.qbench.net/worksheet?id=15,
15,Pesticide_Myco (Qualitative) [Batch] Worksheet,Dynamic Spreadsheet,Active,417,6,APPROVED,false,false,6 - APPROVED,,APPROVED,false,,not_required_by_version_policy,,,DOM extraction,https://ait.qbench.net/worksheet?id=15,
15,Pesticide_Myco (Qualitative) [Batch] Worksheet,Dynamic Spreadsheet,Active,415,5,APPROVED,false,false,5 - VC -DF - APPROVED,VC -DF,APPROVED,false,,not_required_by_version_policy,,,DOM extraction,https://ait.qbench.net/worksheet?id=15,
15,Pesticide_Myco (Qualitative) [Batch] Worksheet,Dynamic Spreadsheet,Active,311,4,APPROVED,false,false,4 - APPROVED,,APPROVED,false,,not_required_by_version_policy,,,DOM extraction,https://ait.qbench.net/worksheet?id=15,
15,Pesticide_Myco (Qualitative) [Batch] Worksheet,Dynamic Spreadsheet,Active,292,3,APPROVED,false,false,3 - APPROVED,,APPROVED,false,,not_required_by_version_policy,,,DOM extraction,https://ait.qbench.net/worksheet?id=15,
15,Pesticide_Myco (Qualitative) [Batch] Worksheet,Dynamic Spreadsheet,Active,240,2,APPROVED,false,false,2 - APPROVED,,APPROVED,false,,not_required_by_version_policy,,,DOM extraction,https://ait.qbench.net/worksheet?id=15,
15,Pesticide_Myco (Qualitative) [Batch] Worksheet,Dynamic Spreadsheet,Active,18,1,REJECTED,false,false,1 - REJECTED,,REJECTED,false,,not_required_by_version_policy,,,DOM extraction,https://ait.qbench.net/worksheet?id=15,
59,Preparation of Samples,Dynamic Spreadsheet,Active,207,1,DRAFT,false,true,1 - DRAFT,,DRAFT,true,latest_draft_or_pending_no_active,blocked_browser_tooling_no_download_event,,,DOM extraction,https://ait.qbench.net/worksheet?id=59,Native Export Spreadsheet control produced no downloadable file through available browser tooling.
11,Residual Solvents [Batch] Worksheet,Dynamic Spreadsheet,Active,694,9,APPROVED,true,true,9 - APPROVED (ACTIVE),,APPROVED Active since 08/13/2026,true,active_approved,blocked_browser_tooling_no_download_event,,,DOM extraction,https://ait.qbench.net/worksheet?id=11,Native Export Spreadsheet control produced no downloadable file through available browser tooling.
11,Residual Solvents [Batch] Worksheet,Dynamic Spreadsheet,Active,693,8,APPROVED,false,false,8 - APPROVED,,APPROVED,false,,not_required_by_version_policy,,,DOM extraction,https://ait.qbench.net/worksheet?id=11,
11,Residual Solvents [Batch] Worksheet,Dynamic Spreadsheet,Active,507,7,APPROVED,false,false,7 - APPROVED,,APPROVED,false,,not_required_by_version_policy,,,DOM extraction,https://ait.qbench.net/worksheet?id=11,
11,Residual Solvents [Batch] Worksheet,Dynamic Spreadsheet,Active,506,6,APPROVED,false,false,6 - APPROVED,,APPROVED,false,,not_required_by_version_policy,,,DOM extraction,https://ait.qbench.net/worksheet?id=11,
11,Residual Solvents [Batch] Worksheet,Dynamic Spreadsheet,Active,430,5,APPROVED,false,false,5 - APPROVED,,APPROVED,false,,not_required_by_version_policy,,,DOM extraction,https://ait.qbench.net/worksheet?id=11,
11,Residual Solvents [Batch] Worksheet,Dynamic Spreadsheet,Active,259,4,APPROVED,false,false,4 - APPROVED,,APPROVED,false,,not_required_by_version_policy,,,DOM extraction,https://ait.qbench.net/worksheet?id=11,
11,Residual Solvents [Batch] Worksheet,Dynamic Spreadsheet,Active,140,3,APPROVED,false,false,3 - APPROVED,,APPROVED,false,,not_required_by_version_policy,,,DOM extraction,https://ait.qbench.net/worksheet?id=11,
11,Residual Solvents [Batch] Worksheet,Dynamic Spreadsheet,Active,91,2,APPROVED,false,false,2 - APPROVED,,APPROVED,false,,not_required_by_version_policy,,,DOM extraction,https://ait.qbench.net/worksheet?id=11,
11,Residual Solvents [Batch] Worksheet,Dynamic Spreadsheet,Active,13,1,REJECTED,false,false,1 - REJECTED,,REJECTED,false,,not_required_by_version_policy,,,DOM extraction,https://ait.qbench.net/worksheet?id=11,
57,Residual Solvents [Protocol WS] Calculations and Reporting of Results,Dynamic Spreadsheet,Active,185,1,APPROVED,true,true,1 - APPROVED (ACTIVE),,APPROVED Active since 04/05/2026,true,active_approved,blocked_browser_tooling_no_download_event,,,DOM extraction,https://ait.qbench.net/worksheet?id=57,Native Export Spreadsheet control produced no downloadable file through available browser tooling.
55,Residual Solvents [Protocol WS] Instrument Setup & Measurement,Dynamic Spreadsheet,Active,183,2,APPROVED,true,true,2 - APPROVED (ACTIVE),,APPROVED Active since 04/05/2026,true,active_approved,blocked_browser_tooling_no_download_event,,,DOM extraction,https://ait.qbench.net/worksheet?id=55,Native Export Spreadsheet control produced no downloadable file through available browser tooling.
55,Residual Solvents [Protocol WS] Instrument Setup & Measurement,Dynamic Spreadsheet,Active,182,1,DRAFT,false,false,1 - DRAFT,,DRAFT,false,,not_required_by_version_policy,,,DOM extraction,https://ait.qbench.net/worksheet?id=55,
56,Residual Solvents [Protocol WS] Quality Control Requirements,Dynamic Spreadsheet,Active,184,1,APPROVED,true,true,1 - APPROVED (ACTIVE),,APPROVED Active since 04/05/2026,true,active_approved,blocked_browser_tooling_no_download_event,,,DOM extraction,https://ait.qbench.net/worksheet?id=56,Native Export Spreadsheet control produced no downloadable file through available browser tooling.
54,Residual Solvents [Protocol WS] Sample Preparation,Dynamic Spreadsheet,Active,181,1,APPROVED,true,true,1 - APPROVED (ACTIVE),,APPROVED Active since 04/05/2026,true,active_approved,blocked_browser_tooling_no_download_event,,,DOM extraction,https://ait.qbench.net/worksheet?id=54,Native Export Spreadsheet control produced no downloadable file through available browser tooling.
12,Residual Solvents [Test] Worksheet,Dynamic Spreadsheet,Active,706,42,DRAFT,false,true,42 - [AIT-88] Set default note for METRC export - DRAFT,[AIT-88] Set default note for METRC export,DRAFT,true,newer_nonactive_version,blocked_browser_tooling_no_download_event,,,DOM extraction,https://ait.qbench.net/worksheet?id=12,Native Export Spreadsheet control produced no downloadable file through available browser tooling.
12,Residual Solvents [Test] Worksheet,Dynamic Spreadsheet,Active,697,41,APPROVED,true,false,41 - APPROVED (ACTIVE),,APPROVED Active since 08/13/2026,true,active_approved,blocked_browser_tooling_no_download_event,,,DOM extraction,https://ait.qbench.net/worksheet?id=12,Native Export Spreadsheet control produced no downloadable file through available browser tooling.
12,Residual Solvents [Test] Worksheet,Dynamic Spreadsheet,Active,696,40,APPROVED,false,false,40 - APPROVED,,APPROVED,false,,not_required_by_version_policy,,,DOM extraction,https://ait.qbench.net/worksheet?id=12,
12,Residual Solvents [Test] Worksheet,Dynamic Spreadsheet,Active,695,39,APPROVED,false,false,39 - APPROVED,,APPROVED,false,,not_required_by_version_policy,,,DOM extraction,https://ait.qbench.net/worksheet?id=12,
12,Residual Solvents [Test] Worksheet,Dynamic Spreadsheet,Active,692,38,APPROVED,false,false,38 - updated key loaction - APPROVED,updated key loaction,APPROVED,false,,not_required_by_version_policy,,,DOM extraction,https://ait.qbench.net/worksheet?id=12,
12,Residual Solvents [Test] Worksheet,Dynamic Spreadsheet,Active,683,37,APPROVED,false,false,37 - KV Update - APPROVED,KV Update,APPROVED,false,,not_required_by_version_policy,,,DOM extraction,https://ait.qbench.net/worksheet?id=12,
12,Residual Solvents [Test] Worksheet,Dynamic Spreadsheet,Active,606,36,DRAFT,false,false,36 - [AIT-88] Add METRC table and named cells - DRAFT,[AIT-88] Add METRC table and named cells,DRAFT,false,,not_required_by_version_policy,,,DOM extraction,https://ait.qbench.net/worksheet?id=12,
12,Residual Solvents [Test] Worksheet,Dynamic Spreadsheet,Active,515,35,APPROVED,false,false,35 - APPROVED,,APPROVED,false,,not_required_by_version_policy,,,DOM extraction,https://ait.qbench.net/worksheet?id=12,
12,Residual Solvents [Test] Worksheet,Dynamic Spreadsheet,Active,510,34,APPROVED,false,false,34 - APPROVED,,APPROVED,false,,not_required_by_version_policy,,,DOM extraction,https://ait.qbench.net/worksheet?id=12,
12,Residual Solvents [Test] Worksheet,Dynamic Spreadsheet,Active,509,33,APPROVED,false,false,33 - APPROVED,,APPROVED,false,,not_required_by_version_policy,,,DOM extraction,https://ait.qbench.net/worksheet?id=12,
12,Residual Solvents [Test] Worksheet,Dynamic Spreadsheet,Active,508,32,APPROVED,false,false,32 - APPROVED,,APPROVED,false,,not_required_by_version_policy,,,DOM extraction,https://ait.qbench.net/worksheet?id=12,
12,Residual Solvents [Test] Worksheet,Dynamic Spreadsheet,Active,429,31,APPROVED,false,false,31 - APPROVED,,APPROVED,false,,not_required_by_version_policy,,,DOM extraction,https://ait.qbench.net/worksheet?id=12,
12,Residual Solvents [Test] Worksheet,Dynamic Spreadsheet,Active,404,30,APPROVED,false,false,30 - APPROVED,,APPROVED,false,,not_required_by_version_policy,,,DOM extraction,https://ait.qbench.net/worksheet?id=12,
12,Residual Solvents [Test] Worksheet,Dynamic Spreadsheet,Active,400,29,APPROVED,false,false,29 - APPROVED,,APPROVED,false,,not_required_by_version_policy,,,DOM extraction,https://ait.qbench.net/worksheet?id=12,
12,Residual Solvents [Test] Worksheet,Dynamic Spreadsheet,Active,337,28,APPROVED,false,false,28 - APPROVED,,APPROVED,false,,not_required_by_version_policy,,,DOM extraction,https://ait.qbench.net/worksheet?id=12,
12,Residual Solvents [Test] Worksheet,Dynamic Spreadsheet,Active,336,27,REJECTED,false,false,27 - REJECTED,,REJECTED,false,,not_required_by_version_policy,,,DOM extraction,https://ait.qbench.net/worksheet?id=12,
12,Residual Solvents [Test] Worksheet,Dynamic Spreadsheet,Active,335,26,APPROVED,false,false,26 - APPROVED,,APPROVED,false,,not_required_by_version_policy,,,DOM extraction,https://ait.qbench.net/worksheet?id=12,
12,Residual Solvents [Test] Worksheet,Dynamic Spreadsheet,Active,314,25,APPROVED,false,false,25 - APPROVED,,APPROVED,false,,not_required_by_version_policy,,,DOM extraction,https://ait.qbench.net/worksheet?id=12,
12,Residual Solvents [Test] Worksheet,Dynamic Spreadsheet,Active,258,24,APPROVED,false,false,24 - APPROVED,,APPROVED,false,,not_required_by_version_policy,,,DOM extraction,https://ait.qbench.net/worksheet?id=12,
12,Residual Solvents [Test] Worksheet,Dynamic Spreadsheet,Active,227,23,APPROVED,false,false,23 - APPROVED,,APPROVED,false,,not_required_by_version_policy,,,DOM extraction,https://ait.qbench.net/worksheet?id=12,
12,Residual Solvents [Test] Worksheet,Dynamic Spreadsheet,Active,226,22,APPROVED,false,false,22 - APPROVED,,APPROVED,false,,not_required_by_version_policy,,,DOM extraction,https://ait.qbench.net/worksheet?id=12,
12,Residual Solvents [Test] Worksheet,Dynamic Spreadsheet,Active,225,21,APPROVED,false,false,21 - APPROVED,,APPROVED,false,,not_required_by_version_policy,,,DOM extraction,https://ait.qbench.net/worksheet?id=12,
12,Residual Solvents [Test] Worksheet,Dynamic Spreadsheet,Active,196,20,APPROVED,false,false,20 - APPROVED,,APPROVED,false,,not_required_by_version_policy,,,DOM extraction,https://ait.qbench.net/worksheet?id=12,
12,Residual Solvents [Test] Worksheet,Dynamic Spreadsheet,Active,165,19,APPROVED,false,false,19 - APPROVED,,APPROVED,false,,not_required_by_version_policy,,,DOM extraction,https://ait.qbench.net/worksheet?id=12,
12,Residual Solvents [Test] Worksheet,Dynamic Spreadsheet,Active,164,18,APPROVED,false,false,18 - APPROVED,,APPROVED,false,,not_required_by_version_policy,,,DOM extraction,https://ait.qbench.net/worksheet?id=12,
12,Residual Solvents [Test] Worksheet,Dynamic Spreadsheet,Active,155,17,APPROVED,false,false,17 - APPROVED,,APPROVED,false,,not_required_by_version_policy,,,DOM extraction,https://ait.qbench.net/worksheet?id=12,
12,Residual Solvents [Test] Worksheet,Dynamic Spreadsheet,Active,154,16,APPROVED,false,false,16 - APPROVED,,APPROVED,false,,not_required_by_version_policy,,,DOM extraction,https://ait.qbench.net/worksheet?id=12,
12,Residual Solvents [Test] Worksheet,Dynamic Spreadsheet,Active,153,15,APPROVED,false,false,15 - APPROVED,,APPROVED,false,,not_required_by_version_policy,,,DOM extraction,https://ait.qbench.net/worksheet?id=12,
12,Residual Solvents [Test] Worksheet,Dynamic Spreadsheet,Active,152,14,APPROVED,false,false,14 - APPROVED,,APPROVED,false,,not_required_by_version_policy,,,DOM extraction,https://ait.qbench.net/worksheet?id=12,
12,Residual Solvents [Test] Worksheet,Dynamic Spreadsheet,Active,151,13,APPROVED,false,false,13 - APPROVED,,APPROVED,false,,not_required_by_version_policy,,,DOM extraction,https://ait.qbench.net/worksheet?id=12,
12,Residual Solvents [Test] Worksheet,Dynamic Spreadsheet,Active,150,12,APPROVED,false,false,12 - APPROVED,,APPROVED,false,,not_required_by_version_policy,,,DOM extraction,https://ait.qbench.net/worksheet?id=12,
12,Residual Solvents [Test] Worksheet,Dynamic Spreadsheet,Active,149,11,APPROVED,false,false,11 - APPROVED,,APPROVED,false,,not_required_by_version_policy,,,DOM extraction,https://ait.qbench.net/worksheet?id=12,
12,Residual Solvents [Test] Worksheet,Dynamic Spreadsheet,Active,148,10,APPROVED,false,false,10 - APPROVED,,APPROVED,false,,not_required_by_version_policy,,,DOM extraction,https://ait.qbench.net/worksheet?id=12,
12,Residual Solvents [Test] Worksheet,Dynamic Spreadsheet,Active,147,9,APPROVED,false,false,9 - APPROVED,,APPROVED,false,,not_required_by_version_policy,,,DOM extraction,https://ait.qbench.net/worksheet?id=12,
12,Residual Solvents [Test] Worksheet,Dynamic Spreadsheet,Active,146,8,APPROVED,false,false,8 - APPROVED,,APPROVED,false,,not_required_by_version_policy,,,DOM extraction,https://ait.qbench.net/worksheet?id=12,
12,Residual Solvents [Test] Worksheet,Dynamic Spreadsheet,Active,145,7,APPROVED,false,false,7 - APPROVED,,APPROVED,false,,not_required_by_version_policy,,,DOM extraction,https://ait.qbench.net/worksheet?id=12,
12,Residual Solvents [Test] Worksheet,Dynamic Spreadsheet,Active,144,6,REJECTED,false,false,6 - REJECTED,,REJECTED,false,,not_required_by_version_policy,,,DOM extraction,https://ait.qbench.net/worksheet?id=12,
12,Residual Solvents [Test] Worksheet,Dynamic Spreadsheet,Active,143,5,APPROVED,false,false,5 - APPROVED,,APPROVED,false,,not_required_by_version_policy,,,DOM extraction,https://ait.qbench.net/worksheet?id=12,
12,Residual Solvents [Test] Worksheet,Dynamic Spreadsheet,Active,141,4,REJECTED,false,false,4 - REJECTED,,REJECTED,false,,not_required_by_version_policy,,,DOM extraction,https://ait.qbench.net/worksheet?id=12,
12,Residual Solvents [Test] Worksheet,Dynamic Spreadsheet,Active,96,3,APPROVED,false,false,3 - APPROVED,,APPROVED,false,,not_required_by_version_policy,,,DOM extraction,https://ait.qbench.net/worksheet?id=12,
12,Residual Solvents [Test] Worksheet,Dynamic Spreadsheet,Active,92,2,APPROVED,false,false,2 - APPROVED,,APPROVED,false,,not_required_by_version_policy,,,DOM extraction,https://ait.qbench.net/worksheet?id=12,
12,Residual Solvents [Test] Worksheet,Dynamic Spreadsheet,Active,14,1,REJECTED,false,false,1 - REJECTED,,REJECTED,false,,not_required_by_version_policy,,,DOM extraction,https://ait.qbench.net/worksheet?id=12,
82,Salmonella & STEC Microbial Analysis [Batch WS],Dynamic Spreadsheet,Active,370,7,APPROVED,true,true,7 - APPROVED (ACTIVE),,APPROVED Active since 04/21/2026,true,active_approved,blocked_browser_tooling_no_download_event,,,DOM extraction,https://ait.qbench.net/worksheet?id=82,Native Export Spreadsheet control produced no downloadable file through available browser tooling.
82,Salmonella & STEC Microbial Analysis [Batch WS],Dynamic Spreadsheet,Active,333,6,APPROVED,false,false,6 - APPROVED,,APPROVED,false,,not_required_by_version_policy,,,DOM extraction,https://ait.qbench.net/worksheet?id=82,
82,Salmonella & STEC Microbial Analysis [Batch WS],Dynamic Spreadsheet,Active,332,5,APPROVED,false,false,5 - APPROVED,,APPROVED,false,,not_required_by_version_policy,,,DOM extraction,https://ait.qbench.net/worksheet?id=82,
82,Salmonella & STEC Microbial Analysis [Batch WS],Dynamic Spreadsheet,Active,330,4,APPROVED,false,false,4 - APPROVED,,APPROVED,false,,not_required_by_version_policy,,,DOM extraction,https://ait.qbench.net/worksheet?id=82,
82,Salmonella & STEC Microbial Analysis [Batch WS],Dynamic Spreadsheet,Active,329,3,APPROVED,false,false,3 - APPROVED,,APPROVED,false,,not_required_by_version_policy,,,DOM extraction,https://ait.qbench.net/worksheet?id=82,
82,Salmonella & STEC Microbial Analysis [Batch WS],Dynamic Spreadsheet,Active,265,2,APPROVED,false,false,2 - APPROVED,,APPROVED,false,,not_required_by_version_policy,,,DOM extraction,https://ait.qbench.net/worksheet?id=82,
82,Salmonella & STEC Microbial Analysis [Batch WS],Dynamic Spreadsheet,Active,263,1,APPROVED,false,false,1 - APPROVED,,APPROVED,false,,not_required_by_version_policy,,,DOM extraction,https://ait.qbench.net/worksheet?id=82,
83,Salmonella Species [Test] Worksheet,Dynamic Spreadsheet,Active,707,10,DRAFT,false,true,10 - [AIT-88] Set default note for METRC export - DRAFT,[AIT-88] Set default note for METRC export,DRAFT,true,newer_nonactive_version,blocked_browser_tooling_no_download_event,,,DOM extraction,https://ait.qbench.net/worksheet?id=83,Native Export Spreadsheet control produced no downloadable file through available browser tooling.
83,Salmonella Species [Test] Worksheet,Dynamic Spreadsheet,Active,684,9,APPROVED,true,false,9 - KV Update - APPROVED (ACTIVE),KV Update,APPROVED Active since 08/05/2026,true,active_approved,blocked_browser_tooling_no_download_event,,,DOM extraction,https://ait.qbench.net/worksheet?id=83,Native Export Spreadsheet control produced no downloadable file through available browser tooling.
83,Salmonella Species [Test] Worksheet,Dynamic Spreadsheet,Active,604,8,DRAFT,false,false,8 - [AIT-88] Add METRC table and named cells - DRAFT,[AIT-88] Add METRC table and named cells,DRAFT,false,,not_required_by_version_policy,,,DOM extraction,https://ait.qbench.net/worksheet?id=83,
83,Salmonella Species [Test] Worksheet,Dynamic Spreadsheet,Active,532,7,APPROVED,false,false,7 - Fixed - APPROVED,Fixed,APPROVED,false,,not_required_by_version_policy,,,DOM extraction,https://ait.qbench.net/worksheet?id=83,
83,Salmonella Species [Test] Worksheet,Dynamic Spreadsheet,Active,531,6,PENDING,false,false,6 - Fixed - PENDING,Fixed,PENDING Approve Reject,false,,not_required_by_version_policy,,,DOM extraction,https://ait.qbench.net/worksheet?id=83,
83,Salmonella Species [Test] Worksheet,Dynamic Spreadsheet,Active,521,5,APPROVED,false,false,5 - COA - APPROVED,COA,APPROVED,false,,not_required_by_version_policy,,,DOM extraction,https://ait.qbench.net/worksheet?id=83,
83,Salmonella Species [Test] Worksheet,Dynamic Spreadsheet,Active,422,4,APPROVED,false,false,4 - [AIT-82] Adjust report table - APPROVED,[AIT-82] Adjust report table,APPROVED,false,,not_required_by_version_policy,,,DOM extraction,https://ait.qbench.net/worksheet?id=83,
83,Salmonella Species [Test] Worksheet,Dynamic Spreadsheet,Active,373,3,APPROVED,false,false,3 - APPROVED,,APPROVED,false,,not_required_by_version_policy,,,DOM extraction,https://ait.qbench.net/worksheet?id=83,
83,Salmonella Species [Test] Worksheet,Dynamic Spreadsheet,Active,331,2,APPROVED,false,false,2 - APPROVED,,APPROVED,false,,not_required_by_version_policy,,,DOM extraction,https://ait.qbench.net/worksheet?id=83,
83,Salmonella Species [Test] Worksheet,Dynamic Spreadsheet,Active,264,1,APPROVED,false,false,1 - APPROVED,,APPROVED,false,,not_required_by_version_policy,,,DOM extraction,https://ait.qbench.net/worksheet?id=83,
85,Salmonella STEC [Protocol WS] Step 1,Dynamic Spreadsheet,Active,268,1,APPROVED,true,true,1 - APPROVED (ACTIVE),,APPROVED Active since 04/18/2026,true,active_approved,blocked_browser_tooling_no_download_event,,,DOM extraction,https://ait.qbench.net/worksheet?id=85,Native Export Spreadsheet control produced no downloadable file through available browser tooling.
143,Sample Dilution {Protocol WS},Dynamic Spreadsheet,Active,669,3,APPROVED,true,true,3 - APPROVED (ACTIVE),,APPROVED Active since 07/29/2026,true,active_approved,blocked_browser_tooling_no_download_event,,,DOM extraction,https://ait.qbench.net/worksheet?id=143,Native Export Spreadsheet control produced no downloadable file through available browser tooling.
143,Sample Dilution {Protocol WS},Dynamic Spreadsheet,Active,667,2,APPROVED,false,false,2 - APPROVED,,APPROVED,false,,not_required_by_version_policy,,,DOM extraction,https://ait.qbench.net/worksheet?id=143,
143,Sample Dilution {Protocol WS},Dynamic Spreadsheet,Active,582,1,APPROVED,false,false,1 - APPROVED,,APPROVED,false,,not_required_by_version_policy,,,DOM extraction,https://ait.qbench.net/worksheet?id=143,
84,STEC [Test] Worksheet,Dynamic Spreadsheet,Active,708,8,DRAFT,false,true,8 - [AIT-88] Set default note for METRC export - DRAFT,[AIT-88] Set default note for METRC export,DRAFT,true,newer_nonactive_version,blocked_browser_tooling_no_download_event,,,DOM extraction,https://ait.qbench.net/worksheet?id=84,Native Export Spreadsheet control produced no downloadable file through available browser tooling.
84,STEC [Test] Worksheet,Dynamic Spreadsheet,Active,685,7,APPROVED,true,false,7 - KV Update - APPROVED (ACTIVE),KV Update,APPROVED Active since 08/05/2026,true,active_approved,blocked_browser_tooling_no_download_event,,,DOM extraction,https://ait.qbench.net/worksheet?id=84,Native Export Spreadsheet control produced no downloadable file through available browser tooling.
84,STEC [Test] Worksheet,Dynamic Spreadsheet,Active,605,6,DRAFT,false,false,6 - [AIT-88] Add METRC table and named cells - DRAFT,[AIT-88] Add METRC table and named cells,DRAFT,false,,not_required_by_version_policy,,,DOM extraction,https://ait.qbench.net/worksheet?id=84,
84,STEC [Test] Worksheet,Dynamic Spreadsheet,Active,522,5,APPROVED,false,false,5 - COA - APPROVED,COA,APPROVED,false,,not_required_by_version_policy,,,DOM extraction,https://ait.qbench.net/worksheet?id=84,
84,STEC [Test] Worksheet,Dynamic Spreadsheet,Active,421,4,APPROVED,false,false,4 - [AIT-82] Adjust report table - APPROVED,[AIT-82] Adjust report table,APPROVED,false,,not_required_by_version_policy,,,DOM extraction,https://ait.qbench.net/worksheet?id=84,
84,STEC [Test] Worksheet,Dynamic Spreadsheet,Active,372,3,APPROVED,false,false,3 - APPROVED,,APPROVED,false,,not_required_by_version_policy,,,DOM extraction,https://ait.qbench.net/worksheet?id=84,
84,STEC [Test] Worksheet,Dynamic Spreadsheet,Active,371,2,APPROVED,false,false,2 - APPROVED,,APPROVED,false,,not_required_by_version_policy,,,DOM extraction,https://ait.qbench.net/worksheet?id=84,
84,STEC [Test] Worksheet,Dynamic Spreadsheet,Active,266,1,APPROVED,false,false,1 - APPROVED,,APPROVED,false,,not_required_by_version_policy,,,DOM extraction,https://ait.qbench.net/worksheet?id=84,
101,Tempo Microbial Analysis [Protocol] Worksheet Sample Incubation,Dynamic Spreadsheet,Active,617,5,APPROVED,true,true,5 - APPROVED (ACTIVE),,APPROVED Active since 06/23/2026,true,active_approved,blocked_browser_tooling_no_download_event,,,DOM extraction,https://ait.qbench.net/worksheet?id=101,Native Export Spreadsheet control produced no downloadable file through available browser tooling.
101,Tempo Microbial Analysis [Protocol] Worksheet Sample Incubation,Dynamic Spreadsheet,Active,615,4,APPROVED,false,false,4 - APPROVED,,APPROVED,false,,not_required_by_version_policy,,,DOM extraction,https://ait.qbench.net/worksheet?id=101,
101,Tempo Microbial Analysis [Protocol] Worksheet Sample Incubation,Dynamic Spreadsheet,Active,449,3,APPROVED,false,false,3 - APPROVED,,APPROVED,false,,not_required_by_version_policy,,,DOM extraction,https://ait.qbench.net/worksheet?id=101,
101,Tempo Microbial Analysis [Protocol] Worksheet Sample Incubation,Dynamic Spreadsheet,Active,446,2,APPROVED,false,false,2 - APPROVED,,APPROVED,false,,not_required_by_version_policy,,,DOM extraction,https://ait.qbench.net/worksheet?id=101,
101,Tempo Microbial Analysis [Protocol] Worksheet Sample Incubation,Dynamic Spreadsheet,Active,350,1,APPROVED,false,false,1 - APPROVED,,APPROVED,false,,not_required_by_version_policy,,,DOM extraction,https://ait.qbench.net/worksheet?id=101,
100,Tempo Microbial Analysis [Protocol] Worksheet Sample Preparation,Dynamic Spreadsheet,Active,616,4,APPROVED,true,true,4 - APPROVED (ACTIVE),,APPROVED Active since 06/23/2026,true,active_approved,blocked_browser_tooling_no_download_event,,,DOM extraction,https://ait.qbench.net/worksheet?id=100,Native Export Spreadsheet control produced no downloadable file through available browser tooling.
100,Tempo Microbial Analysis [Protocol] Worksheet Sample Preparation,Dynamic Spreadsheet,Active,614,3,APPROVED,false,false,3 - APPROVED,,APPROVED,false,,not_required_by_version_policy,,,DOM extraction,https://ait.qbench.net/worksheet?id=100,
100,Tempo Microbial Analysis [Protocol] Worksheet Sample Preparation,Dynamic Spreadsheet,Active,448,2,APPROVED,false,false,2 - APPROVED,,APPROVED,false,,not_required_by_version_policy,,,DOM extraction,https://ait.qbench.net/worksheet?id=100,
100,Tempo Microbial Analysis [Protocol] Worksheet Sample Preparation,Dynamic Spreadsheet,Active,349,1,APPROVED,false,false,1 - APPROVED,,APPROVED,false,,not_required_by_version_policy,,,DOM extraction,https://ait.qbench.net/worksheet?id=100,
102,Tempo Microbial Analysis [Protocol] Worksheet Sample Reading,Dynamic Spreadsheet,Active,618,2,APPROVED,true,true,2 - APPROVED (ACTIVE),,APPROVED Active since 06/23/2026,true,active_approved,blocked_browser_tooling_no_download_event,,,DOM extraction,https://ait.qbench.net/worksheet?id=102,Native Export Spreadsheet control produced no downloadable file through available browser tooling.
102,Tempo Microbial Analysis [Protocol] Worksheet Sample Reading,Dynamic Spreadsheet,Active,351,1,APPROVED,false,false,1 - APPROVED,,APPROVED,false,,not_required_by_version_policy,,,DOM extraction,https://ait.qbench.net/worksheet?id=102,
43,Terpenes [Batch] Worksheet,Dynamic Spreadsheet,Active,657,5,APPROVED,true,true,5 - terpenes-simple-results-batch-ws-v2-controls - APPROVED (ACTIVE),terpenes-simple-results-batch-ws-v2-controls,APPROVED Active since 07/27/2026,true,active_approved,blocked_browser_tooling_no_download_event,,,DOM extraction,https://ait.qbench.net/worksheet?id=43,Native Export Spreadsheet control produced no downloadable file through available browser tooling.
43,Terpenes [Batch] Worksheet,Dynamic Spreadsheet,Active,640,4,APPROVED,false,false,4 - test - APPROVED,test,APPROVED,false,,not_required_by_version_policy,,,DOM extraction,https://ait.qbench.net/worksheet?id=43,
43,Terpenes [Batch] Worksheet,Dynamic Spreadsheet,Active,115,3,DRAFT,false,false,3 - DRAFT,,DRAFT,false,,not_required_by_version_policy,,,DOM extraction,https://ait.qbench.net/worksheet?id=43,
43,Terpenes [Batch] Worksheet,Dynamic Spreadsheet,Active,95,2,APPROVED,false,false,2 - APPROVED,,APPROVED,false,,not_required_by_version_policy,,,DOM extraction,https://ait.qbench.net/worksheet?id=43,
43,Terpenes [Batch] Worksheet,Dynamic Spreadsheet,Active,94,1,DRAFT,false,false,1 - DRAFT,,DRAFT,false,,not_required_by_version_policy,,,DOM extraction,https://ait.qbench.net/worksheet?id=43,
42,Terpenes [Test] Worksheet,Dynamic Spreadsheet,Active,709,15,DRAFT,false,true,15 - [AIT-88] Set default note for METRC export - DRAFT,[AIT-88] Set default note for METRC export,DRAFT,true,newer_nonactive_version,blocked_browser_tooling_no_download_event,,,DOM extraction,https://ait.qbench.net/worksheet?id=42,Native Export Spreadsheet control produced no downloadable file through available browser tooling.
42,Terpenes [Test] Worksheet,Dynamic Spreadsheet,Active,691,14,APPROVED,true,false,14 - [AIT-88] Set Pass/Fail column for METRC export - APPROVED (ACTIVE),[AIT-88] Set Pass/Fail column for METRC export,APPROVED Active since 08/12/2026,true,active_approved,blocked_browser_tooling_no_download_event,,,DOM extraction,https://ait.qbench.net/worksheet?id=42,Native Export Spreadsheet control produced no downloadable file through available browser tooling.
42,Terpenes [Test] Worksheet,Dynamic Spreadsheet,Active,686,13,APPROVED,false,false,13 - KV Update - APPROVED,KV Update,APPROVED,false,,not_required_by_version_policy,,,DOM extraction,https://ait.qbench.net/worksheet?id=42,
42,Terpenes [Test] Worksheet,Dynamic Spreadsheet,Active,674,12,APPROVED,false,false,12 - real update - APPROVED,real update,APPROVED,false,,not_required_by_version_policy,,,DOM extraction,https://ait.qbench.net/worksheet?id=42,
42,Terpenes [Test] Worksheet,Dynamic Spreadsheet,Active,673,11,APPROVED,false,false,"11 - same as metrc draft, just active - APPROVED","same as metrc draft, just active",APPROVED,false,,not_required_by_version_policy,,,DOM extraction,https://ait.qbench.net/worksheet?id=42,
42,Terpenes [Test] Worksheet,Dynamic Spreadsheet,Active,671,10,DRAFT,false,false,10 - [AIT-88] Add METRC table and named cells - DRAFT,[AIT-88] Add METRC table and named cells,DRAFT,false,,not_required_by_version_policy,,,DOM extraction,https://ait.qbench.net/worksheet?id=42,
42,Terpenes [Test] Worksheet,Dynamic Spreadsheet,Active,665,9,APPROVED,false,false,9 - updated formula - APPROVED,updated formula,APPROVED,false,,not_required_by_version_policy,,,DOM extraction,https://ait.qbench.net/worksheet?id=42,
42,Terpenes [Test] Worksheet,Dynamic Spreadsheet,Active,664,8,APPROVED,false,false,8 - updated KV - APPROVED,updated KV,APPROVED,false,,not_required_by_version_policy,,,DOM extraction,https://ait.qbench.net/worksheet?id=42,
42,Terpenes [Test] Worksheet,Dynamic Spreadsheet,Active,658,7,APPROVED,false,false,7 - SBX_ONLY_TERPENES_PRODUCTION_CANDIDATE_TEST_WS_V4_DYNAMIC - APPROVED,SBX_ONLY_TERPENES_PRODUCTION_CANDIDATE_TEST_WS_V4_DYNAMIC,APPROVED,false,,not_required_by_version_policy,,,DOM extraction,https://ait.qbench.net/worksheet?id=42,
42,Terpenes [Test] Worksheet,Dynamic Spreadsheet,Active,639,6,APPROVED,false,false,6 - COA test - APPROVED,COA test,APPROVED,false,,not_required_by_version_policy,,,DOM extraction,https://ait.qbench.net/worksheet?id=42,
42,Terpenes [Test] Worksheet,Dynamic Spreadsheet,Active,608,5,DRAFT,false,false,5 - [AIT-88] Add METRC table and named cells - DRAFT,[AIT-88] Add METRC table and named cells,DRAFT,false,,not_required_by_version_policy,,,DOM extraction,https://ait.qbench.net/worksheet?id=42,
42,Terpenes [Test] Worksheet,Dynamic Spreadsheet,Active,313,4,APPROVED,false,false,4 - APPROVED,,APPROVED,false,,not_required_by_version_policy,,,DOM extraction,https://ait.qbench.net/worksheet?id=42,
42,Terpenes [Test] Worksheet,Dynamic Spreadsheet,Active,230,3,APPROVED,false,false,3 - APPROVED,,APPROVED,false,,not_required_by_version_policy,,,DOM extraction,https://ait.qbench.net/worksheet?id=42,
42,Terpenes [Test] Worksheet,Dynamic Spreadsheet,Active,116,2,DRAFT,false,false,2 - DRAFT,,DRAFT,false,,not_required_by_version_policy,,,DOM extraction,https://ait.qbench.net/worksheet?id=42,
42,Terpenes [Test] Worksheet,Dynamic Spreadsheet,Active,93,1,APPROVED,false,false,1 - APPROVED,,APPROVED,false,,not_required_by_version_policy,,,DOM extraction,https://ait.qbench.net/worksheet?id=42,
89,Total Aerobic Count & Enterobacteriaceae & YM [Batch WS],Dynamic Spreadsheet,Active,513,7,APPROVED,true,true,7 - approved - APPROVED (ACTIVE),approved,APPROVED Active since 05/22/2026,true,active_approved,blocked_browser_tooling_no_download_event,,,DOM extraction,https://ait.qbench.net/worksheet?id=89,Native Export Spreadsheet control produced no downloadable file through available browser tooling.
89,Total Aerobic Count & Enterobacteriaceae & YM [Batch WS],Dynamic Spreadsheet,Active,512,6,APPROVED,false,false,6 - edit - APPROVED,edit,APPROVED,false,,not_required_by_version_policy,,,DOM extraction,https://ait.qbench.net/worksheet?id=89,
89,Total Aerobic Count & Enterobacteriaceae & YM [Batch WS],Dynamic Spreadsheet,Active,511,5,APPROVED,false,false,5 - More cells - APPROVED,More cells,APPROVED,false,,not_required_by_version_policy,,,DOM extraction,https://ait.qbench.net/worksheet?id=89,
89,Total Aerobic Count & Enterobacteriaceae & YM [Batch WS],Dynamic Spreadsheet,Active,364,4,OBSOLETE,false,false,4 - OBSOLETE,,OBSOLETE,false,,not_required_by_version_policy,,,DOM extraction,https://ait.qbench.net/worksheet?id=89,
89,Total Aerobic Count & Enterobacteriaceae & YM [Batch WS],Dynamic Spreadsheet,Active,304,3,APPROVED,false,false,3 - APPROVED,,APPROVED,false,,not_required_by_version_policy,,,DOM extraction,https://ait.qbench.net/worksheet?id=89,
89,Total Aerobic Count & Enterobacteriaceae & YM [Batch WS],Dynamic Spreadsheet,Active,278,2,APPROVED,false,false,2 - APPROVED,,APPROVED,false,,not_required_by_version_policy,,,DOM extraction,https://ait.qbench.net/worksheet?id=89,
89,Total Aerobic Count & Enterobacteriaceae & YM [Batch WS],Dynamic Spreadsheet,Active,277,1,APPROVED,false,false,1 - APPROVED,,APPROVED,false,,not_required_by_version_policy,,,DOM extraction,https://ait.qbench.net/worksheet?id=89,
93,Total Aerobic Count [Test] WS,Dynamic Spreadsheet,Active,710,9,DRAFT,false,true,9 - [AIT-88] Set default note for METRC export - DRAFT,[AIT-88] Set default note for METRC export,DRAFT,true,newer_nonactive_version,blocked_browser_tooling_no_download_event,,,DOM extraction,https://ait.qbench.net/worksheet?id=93,Native Export Spreadsheet control produced no downloadable file through available browser tooling.
93,Total Aerobic Count [Test] WS,Dynamic Spreadsheet,Active,687,8,APPROVED,true,false,8 - KV Update - APPROVED (ACTIVE),KV Update,APPROVED Active since 08/05/2026,true,active_approved,blocked_browser_tooling_no_download_event,,,DOM extraction,https://ait.qbench.net/worksheet?id=93,Native Export Spreadsheet control produced no downloadable file through available browser tooling.
93,Total Aerobic Count [Test] WS,Dynamic Spreadsheet,Active,584,7,DRAFT,false,false,7 - [AIT-88] Add METRC table and named cells - DRAFT,[AIT-88] Add METRC table and named cells,DRAFT,false,,not_required_by_version_policy,,,DOM extraction,https://ait.qbench.net/worksheet?id=93,
93,Total Aerobic Count [Test] WS,Dynamic Spreadsheet,Active,533,6,APPROVED,false,false,6 - Fixed - APPROVED,Fixed,APPROVED,false,,not_required_by_version_policy,,,DOM extraction,https://ait.qbench.net/worksheet?id=93,
93,Total Aerobic Count [Test] WS,Dynamic Spreadsheet,Active,523,5,APPROVED,false,false,5 - COA - APPROVED,COA,APPROVED,false,,not_required_by_version_policy,,,DOM extraction,https://ait.qbench.net/worksheet?id=93,
93,Total Aerobic Count [Test] WS,Dynamic Spreadsheet,Active,420,4,APPROVED,false,false,4 - [AIT-82] Adjust report table - APPROVED,[AIT-82] Adjust report table,APPROVED,false,,not_required_by_version_policy,,,DOM extraction,https://ait.qbench.net/worksheet?id=93,
93,Total Aerobic Count [Test] WS,Dynamic Spreadsheet,Active,367,3,APPROVED,false,false,3 - APPROVED,,APPROVED,false,,not_required_by_version_policy,,,DOM extraction,https://ait.qbench.net/worksheet?id=93,
93,Total Aerobic Count [Test] WS,Dynamic Spreadsheet,Active,312,2,APPROVED,false,false,2 - APPROVED,,APPROVED,false,,not_required_by_version_policy,,,DOM extraction,https://ait.qbench.net/worksheet?id=93,
93,Total Aerobic Count [Test] WS,Dynamic Spreadsheet,Active,284,1,APPROVED,false,false,1 - APPROVED,,APPROVED,false,,not_required_by_version_policy,,,DOM extraction,https://ait.qbench.net/worksheet?id=93,
81,Total Aspergillus Microbial Analysis [Test WS],Dynamic Spreadsheet,Active,701,28,DRAFT,false,true,28 - [AIT-88] Set default note for METRC export - DRAFT,[AIT-88] Set default note for METRC export,DRAFT,true,newer_nonactive_version,blocked_browser_tooling_no_download_event,,,DOM extraction,https://ait.qbench.net/worksheet?id=81,Native Export Spreadsheet control produced no downloadable file through available browser tooling.
81,Total Aspergillus Microbial Analysis [Test WS],Dynamic Spreadsheet,Active,689,27,APPROVED,true,false,27 - KV Update - APPROVED (ACTIVE),KV Update,APPROVED Active since 08/05/2026,true,active_approved,blocked_browser_tooling_no_download_event,,,DOM extraction,https://ait.qbench.net/worksheet?id=81,Native Export Spreadsheet control produced no downloadable file through available browser tooling.
81,Total Aspergillus Microbial Analysis [Test WS],Dynamic Spreadsheet,Active,626,26,DRAFT,false,false,26 - [AIT-88] METRC notes - DRAFT,[AIT-88] METRC notes,DRAFT,false,,not_required_by_version_policy,,,DOM extraction,https://ait.qbench.net/worksheet?id=81,
81,Total Aspergillus Microbial Analysis [Test WS],Dynamic Spreadsheet,Active,613,25,APPROVED,false,false,25 - APPROVED,,APPROVED,false,,not_required_by_version_policy,,,DOM extraction,https://ait.qbench.net/worksheet?id=81,
81,Total Aspergillus Microbial Analysis [Test WS],Dynamic Spreadsheet,Active,612,24,PENDING,false,false,24 - PENDING,,PENDING Approve Reject,false,,not_required_by_version_policy,,,DOM extraction,https://ait.qbench.net/worksheet?id=81,
81,Total Aspergillus Microbial Analysis [Test WS],Dynamic Spreadsheet,Active,562,23,DRAFT,false,false,23 - [AIT-88] Add METRC table and named cells - DRAFT,[AIT-88] Add METRC table and named cells,DRAFT,false,,not_required_by_version_policy,,,DOM extraction,https://ait.qbench.net/worksheet?id=81,
81,Total Aspergillus Microbial Analysis [Test WS],Dynamic Spreadsheet,Active,549,22,APPROVED,false,false,22 - APPROVED,,APPROVED,false,,not_required_by_version_policy,,,DOM extraction,https://ait.qbench.net/worksheet?id=81,
81,Total Aspergillus Microbial Analysis [Test WS],Dynamic Spreadsheet,Active,546,21,APPROVED,false,false,21 - APPROVED,,APPROVED,false,,not_required_by_version_policy,,,DOM extraction,https://ait.qbench.net/worksheet?id=81,
81,Total Aspergillus Microbial Analysis [Test WS],Dynamic Spreadsheet,Active,545,20,APPROVED,false,false,20 - APPROVED,,APPROVED,false,,not_required_by_version_policy,,,DOM extraction,https://ait.qbench.net/worksheet?id=81,
81,Total Aspergillus Microbial Analysis [Test WS],Dynamic Spreadsheet,Active,544,19,APPROVED,false,false,19 - APPROVED,,APPROVED,false,,not_required_by_version_policy,,,DOM extraction,https://ait.qbench.net/worksheet?id=81,
81,Total Aspergillus Microbial Analysis [Test WS],Dynamic Spreadsheet,Active,543,18,APPROVED,false,false,18 - APPROVED,,APPROVED,false,,not_required_by_version_policy,,,DOM extraction,https://ait.qbench.net/worksheet?id=81,
81,Total Aspergillus Microbial Analysis [Test WS],Dynamic Spreadsheet,Active,542,17,APPROVED,false,false,17 - APPROVED,,APPROVED,false,,not_required_by_version_policy,,,DOM extraction,https://ait.qbench.net/worksheet?id=81,
81,Total Aspergillus Microbial Analysis [Test WS],Dynamic Spreadsheet,Active,541,16,APPROVED,false,false,16 - APPROVED,,APPROVED,false,,not_required_by_version_policy,,,DOM extraction,https://ait.qbench.net/worksheet?id=81,
81,Total Aspergillus Microbial Analysis [Test WS],Dynamic Spreadsheet,Active,540,15,APPROVED,false,false,15 - APPROVED,,APPROVED,false,,not_required_by_version_policy,,,DOM extraction,https://ait.qbench.net/worksheet?id=81,
81,Total Aspergillus Microbial Analysis [Test WS],Dynamic Spreadsheet,Active,528,14,APPROVED,false,false,14 - APPROVED,,APPROVED,false,,not_required_by_version_policy,,,DOM extraction,https://ait.qbench.net/worksheet?id=81,
81,Total Aspergillus Microbial Analysis [Test WS],Dynamic Spreadsheet,Active,527,13,APPROVED,false,false,13 - COA 3 - APPROVED,COA 3,APPROVED,false,,not_required_by_version_policy,,,DOM extraction,https://ait.qbench.net/worksheet?id=81,
81,Total Aspergillus Microbial Analysis [Test WS],Dynamic Spreadsheet,Active,526,12,APPROVED,false,false,12 - COA 2 - APPROVED,COA 2,APPROVED,false,,not_required_by_version_policy,,,DOM extraction,https://ait.qbench.net/worksheet?id=81,
81,Total Aspergillus Microbial Analysis [Test WS],Dynamic Spreadsheet,Active,519,11,APPROVED,false,false,11 - COA - APPROVED,COA,APPROVED,false,,not_required_by_version_policy,,,DOM extraction,https://ait.qbench.net/worksheet?id=81,
81,Total Aspergillus Microbial Analysis [Test WS],Dynamic Spreadsheet,Active,516,10,APPROVED,false,false,10 - APPROVED,,APPROVED,false,,not_required_by_version_policy,,,DOM extraction,https://ait.qbench.net/worksheet?id=81,
81,Total Aspergillus Microbial Analysis [Test WS],Dynamic Spreadsheet,Active,482,9,APPROVED,false,false,9 - metrc test - APPROVED,metrc test,APPROVED,false,,not_required_by_version_policy,,,DOM extraction,https://ait.qbench.net/worksheet?id=81,
81,Total Aspergillus Microbial Analysis [Test WS],Dynamic Spreadsheet,Active,425,8,APPROVED,false,false,8 - [AIT-82] Adjust report table - APPROVED,[AIT-82] Adjust report table,APPROVED,false,,not_required_by_version_policy,,,DOM extraction,https://ait.qbench.net/worksheet?id=81,
81,Total Aspergillus Microbial Analysis [Test WS],Dynamic Spreadsheet,Active,409,7,APPROVED,false,false,7 - APPROVED,,APPROVED,false,,not_required_by_version_policy,,,DOM extraction,https://ait.qbench.net/worksheet?id=81,
81,Total Aspergillus Microbial Analysis [Test WS],Dynamic Spreadsheet,Active,408,6,APPROVED,false,false,6 - APPROVED,,APPROVED,false,,not_required_by_version_policy,,,DOM extraction,https://ait.qbench.net/worksheet?id=81,
81,Total Aspergillus Microbial Analysis [Test WS],Dynamic Spreadsheet,Active,361,5,APPROVED,false,false,5 - APPROVED,,APPROVED,false,,not_required_by_version_policy,,,DOM extraction,https://ait.qbench.net/worksheet?id=81,
81,Total Aspergillus Microbial Analysis [Test WS],Dynamic Spreadsheet,Active,334,4,APPROVED,false,false,4 - APPROVED,,APPROVED,false,,not_required_by_version_policy,,,DOM extraction,https://ait.qbench.net/worksheet?id=81,
81,Total Aspergillus Microbial Analysis [Test WS],Dynamic Spreadsheet,Active,271,3,APPROVED,false,false,3 - APPROVED,,APPROVED,false,,not_required_by_version_policy,,,DOM extraction,https://ait.qbench.net/worksheet?id=81,
81,Total Aspergillus Microbial Analysis [Test WS],Dynamic Spreadsheet,Active,262,2,APPROVED,false,false,2 - APPROVED,,APPROVED,false,,not_required_by_version_policy,,,DOM extraction,https://ait.qbench.net/worksheet?id=81,
81,Total Aspergillus Microbial Analysis [Test WS],Dynamic Spreadsheet,Active,261,1,APPROVED,false,false,1 - APPROVED,,APPROVED,false,,not_required_by_version_policy,,,DOM extraction,https://ait.qbench.net/worksheet?id=81,
94,Total Yeast and Mold {Test WS},Dynamic Spreadsheet,Active,711,10,DRAFT,false,true,10 - [AIT-88] Set default note for METRC export - DRAFT,[AIT-88] Set default note for METRC export,DRAFT,true,newer_nonactive_version,blocked_browser_tooling_no_download_event,,,DOM extraction,https://ait.qbench.net/worksheet?id=94,Native Export Spreadsheet control produced no downloadable file through available browser tooling.
94,Total Yeast and Mold {Test WS},Dynamic Spreadsheet,Active,688,9,APPROVED,true,false,9 - KV Update - APPROVED (ACTIVE),KV Update,APPROVED Active since 08/05/2026,true,active_approved,blocked_browser_tooling_no_download_event,,,DOM extraction,https://ait.qbench.net/worksheet?id=94,Native Export Spreadsheet control produced no downloadable file through available browser tooling.
94,Total Yeast and Mold {Test WS},Dynamic Spreadsheet,Active,583,8,DRAFT,false,false,8 - [AIT-88] Add METRC table and named cells - DRAFT,[AIT-88] Add METRC table and named cells,DRAFT,false,,not_required_by_version_policy,,,DOM extraction,https://ait.qbench.net/worksheet?id=94,
94,Total Yeast and Mold {Test WS},Dynamic Spreadsheet,Active,525,7,PENDING,false,false,7 - COA - PENDING,COA,PENDING Approve Reject,false,,not_required_by_version_policy,,,DOM extraction,https://ait.qbench.net/worksheet?id=94,
94,Total Yeast and Mold {Test WS},Dynamic Spreadsheet,Active,524,6,APPROVED,false,false,6 - COA - APPROVED,COA,APPROVED,false,,not_required_by_version_policy,,,DOM extraction,https://ait.qbench.net/worksheet?id=94,
94,Total Yeast and Mold {Test WS},Dynamic Spreadsheet,Active,419,5,APPROVED,false,false,5 - [AIT-82] Adjust report table - APPROVED,[AIT-82] Adjust report table,APPROVED,false,,not_required_by_version_policy,,,DOM extraction,https://ait.qbench.net/worksheet?id=94,
94,Total Yeast and Mold {Test WS},Dynamic Spreadsheet,Active,366,4,APPROVED,false,false,4 - APPROVED,,APPROVED,false,,not_required_by_version_policy,,,DOM extraction,https://ait.qbench.net/worksheet?id=94,
94,Total Yeast and Mold {Test WS},Dynamic Spreadsheet,Active,365,3,APPROVED,false,false,3 - APPROVED,,APPROVED,false,,not_required_by_version_policy,,,DOM extraction,https://ait.qbench.net/worksheet?id=94,
94,Total Yeast and Mold {Test WS},Dynamic Spreadsheet,Active,296,2,APPROVED,false,false,2 - APPROVED,,APPROVED,false,,not_required_by_version_policy,,,DOM extraction,https://ait.qbench.net/worksheet?id=94,
94,Total Yeast and Mold {Test WS},Dynamic Spreadsheet,Active,285,1,APPROVED,false,false,1 - APPROVED,,APPROVED,false,,not_required_by_version_policy,,,DOM extraction,https://ait.qbench.net/worksheet?id=94,
4,Training Worksheet,Dynamic Spreadsheet,Active,6,1,DRAFT,false,true,1 - DRAFT,,DRAFT,true,latest_draft_or_pending_no_active,blocked_browser_tooling_no_download_event,,,DOM extraction,https://ait.qbench.net/worksheet?id=4,Native Export Spreadsheet control produced no downloadable file through available browser tooling.
29,Water Activity [Batch WS],Dynamic Spreadsheet,Active,481,13,APPROVED,true,true,13 - Removed automation until fixed - APPROVED (ACTIVE),Removed automation until fixed,APPROVED Active since 05/19/2026,true,active_approved,blocked_browser_tooling_no_download_event,,,DOM extraction,https://ait.qbench.net/worksheet?id=29,Native Export Spreadsheet control produced no downloadable file through available browser tooling.
29,Water Activity [Batch WS],Dynamic Spreadsheet,Active,480,12,APPROVED,false,false,12 - APPROVED,,APPROVED,false,,not_required_by_version_policy,,,DOM extraction,https://ait.qbench.net/worksheet?id=29,
29,Water Activity [Batch WS],Dynamic Spreadsheet,Active,479,11,OBSOLETE,false,false,11 - Automation Attempt - OBSOLETE,Automation Attempt,OBSOLETE,false,,not_required_by_version_policy,,,DOM extraction,https://ait.qbench.net/worksheet?id=29,
29,Water Activity [Batch WS],Dynamic Spreadsheet,Active,410,10,APPROVED,false,false,10 - APPROVED,,APPROVED,false,,not_required_by_version_policy,,,DOM extraction,https://ait.qbench.net/worksheet?id=29,
29,Water Activity [Batch WS],Dynamic Spreadsheet,Active,295,9,APPROVED,false,false,9 - APPROVED,,APPROVED,false,,not_required_by_version_policy,,,DOM extraction,https://ait.qbench.net/worksheet?id=29,
29,Water Activity [Batch WS],Dynamic Spreadsheet,Active,291,8,APPROVED,false,false,8 - APPROVED,,APPROVED,false,,not_required_by_version_policy,,,DOM extraction,https://ait.qbench.net/worksheet?id=29,
29,Water Activity [Batch WS],Dynamic Spreadsheet,Active,290,7,PENDING,false,false,7 - PENDING,,PENDING Approve Reject,false,,not_required_by_version_policy,,,DOM extraction,https://ait.qbench.net/worksheet?id=29,
29,Water Activity [Batch WS],Dynamic Spreadsheet,Active,171,6,APPROVED,false,false,6 - APPROVED,,APPROVED,false,,not_required_by_version_policy,,,DOM extraction,https://ait.qbench.net/worksheet?id=29,
29,Water Activity [Batch WS],Dynamic Spreadsheet,Active,161,5,APPROVED,false,false,5 - APPROVED,,APPROVED,false,,not_required_by_version_policy,,,DOM extraction,https://ait.qbench.net/worksheet?id=29,
29,Water Activity [Batch WS],Dynamic Spreadsheet,Active,160,4,OBSOLETE,false,false,4 - OBSOLETE,,OBSOLETE,false,,not_required_by_version_policy,,,DOM extraction,https://ait.qbench.net/worksheet?id=29,
29,Water Activity [Batch WS],Dynamic Spreadsheet,Active,157,3,OBSOLETE,false,false,3 - OBSOLETE,,OBSOLETE,false,,not_required_by_version_policy,,,DOM extraction,https://ait.qbench.net/worksheet?id=29,
29,Water Activity [Batch WS],Dynamic Spreadsheet,Active,61,2,OBSOLETE,false,false,2 - OBSOLETE,,OBSOLETE,false,,not_required_by_version_policy,,,DOM extraction,https://ait.qbench.net/worksheet?id=29,
29,Water Activity [Batch WS],Dynamic Spreadsheet,Active,60,1,REJECTED,false,false,1 - REJECTED,,REJECTED,false,,not_required_by_version_policy,,,DOM extraction,https://ait.qbench.net/worksheet?id=29,
23,Water Activity [Protocol WS] Clean Equipment,Dynamic Spreadsheet,Active,51,2,APPROVED,true,true,2 - APPROVED (ACTIVE),,APPROVED Active since 03/12/2026,true,active_approved,blocked_browser_tooling_no_download_event,,,DOM extraction,https://ait.qbench.net/worksheet?id=23,Native Export Spreadsheet control produced no downloadable file through available browser tooling.
23,Water Activity [Protocol WS] Clean Equipment,Dynamic Spreadsheet,Active,50,1,REJECTED,false,false,1 - Created from Spreadsheet Worksheet Upgrade - REJECTED,Created from Spreadsheet Worksheet Upgrade,REJECTED,false,,not_required_by_version_policy,,,DOM extraction,https://ait.qbench.net/worksheet?id=23,
24,Water Activity [Protocol WS] Meter Verification,Dynamic Spreadsheet,Active,493,6,APPROVED,true,true,6 - APPROVED (ACTIVE),,APPROVED Active since 05/21/2026,true,active_approved,blocked_browser_tooling_no_download_event,,,DOM extraction,https://ait.qbench.net/worksheet?id=24,Native Export Spreadsheet control produced no downloadable file through available browser tooling.
24,Water Activity [Protocol WS] Meter Verification,Dynamic Spreadsheet,Active,492,5,APPROVED,false,false,5 - APPROVED,,APPROVED,false,,not_required_by_version_policy,,,DOM extraction,https://ait.qbench.net/worksheet?id=24,
24,Water Activity [Protocol WS] Meter Verification,Dynamic Spreadsheet,Active,188,4,APPROVED,false,false,4 - APPROVED,,APPROVED,false,,not_required_by_version_policy,,,DOM extraction,https://ait.qbench.net/worksheet?id=24,
24,Water Activity [Protocol WS] Meter Verification,Dynamic Spreadsheet,Active,162,3,APPROVED,false,false,3 - APPROVED,,APPROVED,false,,not_required_by_version_policy,,,DOM extraction,https://ait.qbench.net/worksheet?id=24,
24,Water Activity [Protocol WS] Meter Verification,Dynamic Spreadsheet,Active,53,2,APPROVED,false,false,2 - APPROVED,,APPROVED,false,,not_required_by_version_policy,,,DOM extraction,https://ait.qbench.net/worksheet?id=24,
24,Water Activity [Protocol WS] Meter Verification,Dynamic Spreadsheet,Active,52,1,DRAFT,false,false,1 - DRAFT,,DRAFT,false,,not_required_by_version_policy,,,DOM extraction,https://ait.qbench.net/worksheet?id=24,
25,Water Activity [Protocol WS] Sample Analysis,Dynamic Spreadsheet,Active,172,6,APPROVED,true,true,6 - APPROVED (ACTIVE),,APPROVED Active since 03/25/2026,true,active_approved,blocked_browser_tooling_no_download_event,,,DOM extraction,https://ait.qbench.net/worksheet?id=25,Native Export Spreadsheet control produced no downloadable file through available browser tooling.
25,Water Activity [Protocol WS] Sample Analysis,Dynamic Spreadsheet,Active,170,5,APPROVED,false,false,5 - APPROVED,,APPROVED,false,,not_required_by_version_policy,,,DOM extraction,https://ait.qbench.net/worksheet?id=25,
25,Water Activity [Protocol WS] Sample Analysis,Dynamic Spreadsheet,Active,169,4,DRAFT,false,false,4 - DRAFT,,DRAFT,false,,not_required_by_version_policy,,,DOM extraction,https://ait.qbench.net/worksheet?id=25,
25,Water Activity [Protocol WS] Sample Analysis,Dynamic Spreadsheet,Active,156,3,OBSOLETE,false,false,3 - OBSOLETE,,OBSOLETE,false,,not_required_by_version_policy,,,DOM extraction,https://ait.qbench.net/worksheet?id=25,
25,Water Activity [Protocol WS] Sample Analysis,Dynamic Spreadsheet,Active,55,2,OBSOLETE,false,false,2 - OBSOLETE,,OBSOLETE,false,,not_required_by_version_policy,,,DOM extraction,https://ait.qbench.net/worksheet?id=25,
25,Water Activity [Protocol WS] Sample Analysis,Dynamic Spreadsheet,Active,54,1,REJECTED,false,false,1 - REJECTED,,REJECTED,false,,not_required_by_version_policy,,,DOM extraction,https://ait.qbench.net/worksheet?id=25,
28,Water Activity [Test WS],Dynamic Spreadsheet,Active,712,16,DRAFT,false,true,16 - [AIT-88] Set default note for METRC export - DRAFT,[AIT-88] Set default note for METRC export,DRAFT,true,newer_nonactive_version,blocked_browser_tooling_no_download_event,,,DOM extraction,https://ait.qbench.net/worksheet?id=28,Native Export Spreadsheet control produced no downloadable file through available browser tooling.
28,Water Activity [Test WS],Dynamic Spreadsheet,Active,690,15,APPROVED,true,false,15 - KV Update - APPROVED (ACTIVE),KV Update,APPROVED Active since 08/05/2026,true,active_approved,blocked_browser_tooling_no_download_event,,,DOM extraction,https://ait.qbench.net/worksheet?id=28,Native Export Spreadsheet control produced no downloadable file through available browser tooling.
28,Water Activity [Test WS],Dynamic Spreadsheet,Active,603,14,DRAFT,false,false,14 - [AIT-88] Add METRC table and named cells - DRAFT,[AIT-88] Add METRC table and named cells,DRAFT,false,,not_required_by_version_policy,,,DOM extraction,https://ait.qbench.net/worksheet?id=28,
28,Water Activity [Test WS],Dynamic Spreadsheet,Active,594,13,APPROVED,false,false,13 - new edit - APPROVED,new edit,APPROVED,false,,not_required_by_version_policy,,,DOM extraction,https://ait.qbench.net/worksheet?id=28,
28,Water Activity [Test WS],Dynamic Spreadsheet,Active,558,12,DRAFT,false,false,12 - [AIT-88] Add METRC table and named cells - DRAFT,[AIT-88] Add METRC table and named cells,DRAFT,false,,not_required_by_version_policy,,,DOM extraction,https://ait.qbench.net/worksheet?id=28,
28,Water Activity [Test WS],Dynamic Spreadsheet,Active,534,11,APPROVED,false,false,11 - Fixed - APPROVED,Fixed,APPROVED,false,,not_required_by_version_policy,,,DOM extraction,https://ait.qbench.net/worksheet?id=28,
28,Water Activity [Test WS],Dynamic Spreadsheet,Active,426,10,APPROVED,false,false,10 - [AIT-82] Adjust report table - APPROVED,[AIT-82] Adjust report table,APPROVED,false,,not_required_by_version_policy,,,DOM extraction,https://ait.qbench.net/worksheet?id=28,
28,Water Activity [Test WS],Dynamic Spreadsheet,Active,405,9,APPROVED,false,false,9 - APPROVED,,APPROVED,false,,not_required_by_version_policy,,,DOM extraction,https://ait.qbench.net/worksheet?id=28,
28,Water Activity [Test WS],Dynamic Spreadsheet,Active,328,8,APPROVED,false,false,8 - APPROVED,,APPROVED,false,,not_required_by_version_policy,,,DOM extraction,https://ait.qbench.net/worksheet?id=28,
28,Water Activity [Test WS],Dynamic Spreadsheet,Active,222,7,APPROVED,false,false,7 - APPROVED,,APPROVED,false,,not_required_by_version_policy,,,DOM extraction,https://ait.qbench.net/worksheet?id=28,
28,Water Activity [Test WS],Dynamic Spreadsheet,Active,190,6,APPROVED,false,false,6 - APPROVED,,APPROVED,false,,not_required_by_version_policy,,,DOM extraction,https://ait.qbench.net/worksheet?id=28,
28,Water Activity [Test WS],Dynamic Spreadsheet,Active,159,5,APPROVED,false,false,5 - APPROVED,,APPROVED,false,,not_required_by_version_policy,,,DOM extraction,https://ait.qbench.net/worksheet?id=28,
28,Water Activity [Test WS],Dynamic Spreadsheet,Active,158,4,REJECTED,false,false,4 - REJECTED,,REJECTED,false,,not_required_by_version_policy,,,DOM extraction,https://ait.qbench.net/worksheet?id=28,
28,Water Activity [Test WS],Dynamic Spreadsheet,Active,97,3,APPROVED,false,false,3 - APPROVED,,APPROVED,false,,not_required_by_version_policy,,,DOM extraction,https://ait.qbench.net/worksheet?id=28,
28,Water Activity [Test WS],Dynamic Spreadsheet,Active,62,2,APPROVED,false,false,2 - APPROVED,,APPROVED,false,,not_required_by_version_policy,,,DOM extraction,https://ait.qbench.net/worksheet?id=28,
28,Water Activity [Test WS],Dynamic Spreadsheet,Active,59,1,APPROVED,false,false,1 - APPROVED,,APPROVED,false,,not_required_by_version_policy,,,DOM extraction,https://ait.qbench.net/worksheet?id=28,
3,[Batch] Example Worksheet,Dynamic Spreadsheet,Active,5,2,APPROVED,true,true,2 - VC-2/11/26 - APPROVED (ACTIVE),VC-2/11/26,APPROVED Active since 02/11/2026,true,active_approved,blocked_browser_tooling_no_download_event,,,DOM extraction,https://ait.qbench.net/worksheet?id=3,Native Export Spreadsheet control produced no downloadable file through available browser tooling.
3,[Batch] Example Worksheet,Dynamic Spreadsheet,Active,3,1,APPROVED,false,false,1 - VC-2/10/26 - APPROVED,VC-2/10/26,APPROVED,false,,not_required_by_version_policy,,,DOM extraction,https://ait.qbench.net/worksheet?id=3,
116,[Logs] Daily Balance Verification | 3 place,Spreadsheet,Active,391,2,APPROVED,true,true,2 - APPROVED (ACTIVE),,APPROVED Active since 04/22/2026,true,active_approved,blocked_browser_tooling_no_download_event,,,DOM extraction,https://ait.qbench.net/worksheet?id=116,Native Export Spreadsheet control produced no downloadable file through available browser tooling.
116,[Logs] Daily Balance Verification | 3 place,Spreadsheet,Active,390,1,REJECTED,false,false,1 - REJECTED,,REJECTED,false,,not_required_by_version_policy,,,DOM extraction,https://ait.qbench.net/worksheet?id=116,
115,[Logs] Daily Balance Verification | 4 or 5 place,Spreadsheet,Active,389,1,APPROVED,true,true,1 - APPROVED (ACTIVE),,APPROVED Active since 04/22/2026,true,active_approved,blocked_browser_tooling_no_download_event,,,DOM extraction,https://ait.qbench.net/worksheet?id=115,Native Export Spreadsheet control produced no downloadable file through available browser tooling.
20,[Logs] Daily Balance Verification | Capacity XYg - 2,Spreadsheet,Active,27,3,APPROVED,true,true,3 - [Logs] Daily Balance Verification | XXg x XXg - APPROVED (ACTIVE),[Logs] Daily Balance Verification | XXg x XXg,APPROVED Active since 03/01/2026,true,active_approved,blocked_browser_tooling_no_download_event,,,DOM extraction,https://ait.qbench.net/worksheet?id=20,Native Export Spreadsheet control produced no downloadable file through available browser tooling.
20,[Logs] Daily Balance Verification | Capacity XYg - 2,Spreadsheet,Active,26,2,APPROVED,false,false,2 - [Logs] Daily Balance Verification | Capacity XYg - APPROVED,[Logs] Daily Balance Verification | Capacity XYg,APPROVED,false,,not_required_by_version_policy,,,DOM extraction,https://ait.qbench.net/worksheet?id=20,
20,[Logs] Daily Balance Verification | Capacity XYg - 2,Spreadsheet,Active,24,1,DRAFT,false,false,1 - .001 0 FAIL how can you link weights to this? 10 0 FAIL - DRAFT,.001 0 FAIL how can you link weights to this? 10 0 FAIL,DRAFT,false,,not_required_by_version_policy,,,DOM extraction,https://ait.qbench.net/worksheet?id=20,
21,[Logs] Daily Balance Verification | XXg x XXg,Spreadsheet,Active,29,2,APPROVED,true,true,2 - [Logs] Daily Balance Verification | XXg x XXg - APPROVED (ACTIVE),[Logs] Daily Balance Verification | XXg x XXg,APPROVED Active since 03/01/2026,true,active_approved,blocked_browser_tooling_no_download_event,,,DOM extraction,https://ait.qbench.net/worksheet?id=21,Native Export Spreadsheet control produced no downloadable file through available browser tooling.
21,[Logs] Daily Balance Verification | XXg x XXg,Spreadsheet,Active,28,1,PENDING,false,false,1 - [Logs] Daily Balance Verification | XXg x XXg - PENDING,[Logs] Daily Balance Verification | XXg x XXg,PENDING Approve Reject,false,,not_required_by_version_policy,,,DOM extraction,https://ait.qbench.net/worksheet?id=21,
126,[Logs] Daily Dispenser Verification | 20mL,Spreadsheet,Active,441,1,APPROVED,true,true,1 - 1. APPROVED - APPROVED (ACTIVE),1. APPROVED,APPROVED Active since 05/11/2026,true,active_approved,blocked_browser_tooling_no_download_event,,,DOM extraction,https://ait.qbench.net/worksheet?id=126,Native Export Spreadsheet control produced no downloadable file through available browser tooling.
129,[Logs] Daily Dispenser Verification | 20mL (ACN),Spreadsheet,Active,445,1,APPROVED,true,true,1 - approved - APPROVED (ACTIVE),approved,APPROVED Active since 05/12/2026,true,active_approved,blocked_browser_tooling_no_download_event,,,DOM extraction,https://ait.qbench.net/worksheet?id=129,Native Export Spreadsheet control produced no downloadable file through available browser tooling.
127,[Logs] Daily Dispenser Verification | 3 mL,Spreadsheet,Active,561,4,APPROVED,true,true,4 - APPROVED (ACTIVE),,APPROVED Active since 06/02/2026,true,active_approved,blocked_browser_tooling_no_download_event,,,DOM extraction,https://ait.qbench.net/worksheet?id=127,Native Export Spreadsheet control produced no downloadable file through available browser tooling.
127,[Logs] Daily Dispenser Verification | 3 mL,Spreadsheet,Active,559,3,OBSOLETE,false,false,3 - OBSOLETE,,OBSOLETE,false,,not_required_by_version_policy,,,DOM extraction,https://ait.qbench.net/worksheet?id=127,
127,[Logs] Daily Dispenser Verification | 3 mL,Spreadsheet,Active,443,2,APPROVED,false,false,2 - APPROVED,,APPROVED,false,,not_required_by_version_policy,,,DOM extraction,https://ait.qbench.net/worksheet?id=127,
127,[Logs] Daily Dispenser Verification | 3 mL,Spreadsheet,Active,442,1,PENDING,false,false,1 - PENDING,,PENDING Approve Reject,false,,not_required_by_version_policy,,,DOM extraction,https://ait.qbench.net/worksheet?id=127,
131,[Logs] Daily Dispenser Verification | 3.6 mL,Spreadsheet,Active,560,1,APPROVED,true,true,1 - APPROVED (ACTIVE),,APPROVED Active since 06/02/2026,true,active_approved,blocked_browser_tooling_no_download_event,,,DOM extraction,https://ait.qbench.net/worksheet?id=131,Native Export Spreadsheet control produced no downloadable file through available browser tooling.
128,[Logs] Daily Dispenser Verification | 3.9 mL,Spreadsheet,Active,444,1,APPROVED,true,true,1 - APPROVED (ACTIVE),,APPROVED Active since 05/11/2026,true,active_approved,blocked_browser_tooling_no_download_event,,,DOM extraction,https://ait.qbench.net/worksheet?id=128,Native Export Spreadsheet control produced no downloadable file through available browser tooling.
109,[Logs] Daily Multichannel Pipette Verification | 10 µL,Spreadsheet,Active,376,2,APPROVED,true,true,2 - APPROVED (ACTIVE),,APPROVED Active since 04/22/2026,true,active_approved,blocked_browser_tooling_no_download_event,,,DOM extraction,https://ait.qbench.net/worksheet?id=109,Native Export Spreadsheet control produced no downloadable file through available browser tooling.
109,[Logs] Daily Multichannel Pipette Verification | 10 µL,Spreadsheet,Active,358,1,OBSOLETE,false,false,1 - OBSOLETE,,OBSOLETE,false,,not_required_by_version_policy,,,DOM extraction,https://ait.qbench.net/worksheet?id=109,
106,[Logs] Daily Pipette Verification | 1 mL,Spreadsheet,Active,377,2,APPROVED,true,true,2 - APPROVED (ACTIVE),,APPROVED Active since 04/22/2026,true,active_approved,blocked_browser_tooling_no_download_event,,,DOM extraction,https://ait.qbench.net/worksheet?id=106,Native Export Spreadsheet control produced no downloadable file through available browser tooling.
106,[Logs] Daily Pipette Verification | 1 mL,Spreadsheet,Active,355,1,OBSOLETE,false,false,1 - OBSOLETE,,OBSOLETE,false,,not_required_by_version_policy,,,DOM extraction,https://ait.qbench.net/worksheet?id=106,
107,[Logs] Daily Pipette Verification | 10 mL,Spreadsheet,Active,378,2,APPROVED,true,true,2 - APPROVED (ACTIVE),,APPROVED Active since 04/22/2026,true,active_approved,blocked_browser_tooling_no_download_event,,,DOM extraction,https://ait.qbench.net/worksheet?id=107,Native Export Spreadsheet control produced no downloadable file through available browser tooling.
107,[Logs] Daily Pipette Verification | 10 mL,Spreadsheet,Active,356,1,OBSOLETE,false,false,1 - OBSOLETE,,OBSOLETE,false,,not_required_by_version_policy,,,DOM extraction,https://ait.qbench.net/worksheet?id=107,
103,[Logs] Daily Pipette Verification | 10 µL,Spreadsheet,Active,379,2,APPROVED,true,true,2 - APPROVED (ACTIVE),,APPROVED Active since 04/22/2026,true,active_approved,blocked_browser_tooling_no_download_event,,,DOM extraction,https://ait.qbench.net/worksheet?id=103,Native Export Spreadsheet control produced no downloadable file through available browser tooling.
103,[Logs] Daily Pipette Verification | 10 µL,Spreadsheet,Active,352,1,OBSOLETE,false,false,1 - OBSOLETE,,OBSOLETE,false,,not_required_by_version_policy,,,DOM extraction,https://ait.qbench.net/worksheet?id=103,
104,[Logs] Daily Pipette Verification | 100 µL,Spreadsheet,Active,380,2,APPROVED,true,true,2 - APPROVED (ACTIVE),,APPROVED Active since 04/22/2026,true,active_approved,blocked_browser_tooling_no_download_event,,,DOM extraction,https://ait.qbench.net/worksheet?id=104,Native Export Spreadsheet control produced no downloadable file through available browser tooling.
104,[Logs] Daily Pipette Verification | 100 µL,Spreadsheet,Active,353,1,OBSOLETE,false,false,1 - OBSOLETE,,OBSOLETE,false,,not_required_by_version_policy,,,DOM extraction,https://ait.qbench.net/worksheet?id=104,
108,[Logs] Daily Pipette Verification | 200 µL,Spreadsheet,Active,381,2,APPROVED,true,true,2 - APPROVED (ACTIVE),,APPROVED Active since 04/22/2026,true,active_approved,blocked_browser_tooling_no_download_event,,,DOM extraction,https://ait.qbench.net/worksheet?id=108,Native Export Spreadsheet control produced no downloadable file through available browser tooling.
108,[Logs] Daily Pipette Verification | 200 µL,Spreadsheet,Active,357,1,OBSOLETE,false,false,1 - OBSOLETE,,OBSOLETE,false,,not_required_by_version_policy,,,DOM extraction,https://ait.qbench.net/worksheet?id=108,
105,[Logs] Daily Pipette Verification | 250 µL,Spreadsheet,Active,382,2,APPROVED,true,true,2 - APPROVED (ACTIVE),,APPROVED Active since 04/22/2026,true,active_approved,blocked_browser_tooling_no_download_event,,,DOM extraction,https://ait.qbench.net/worksheet?id=105,Native Export Spreadsheet control produced no downloadable file through available browser tooling.
105,[Logs] Daily Pipette Verification | 250 µL,Spreadsheet,Active,354,1,OBSOLETE,false,false,1 - OBSOLETE,,OBSOLETE,false,,not_required_by_version_policy,,,DOM extraction,https://ait.qbench.net/worksheet?id=105,
110,[Logs] Daily Repeat Pipette Verification,Spreadsheet,Active,383,1,APPROVED,true,true,1 - APPROVED (ACTIVE),,APPROVED Active since 04/22/2026,true,active_approved,blocked_browser_tooling_no_download_event,,,DOM extraction,https://ait.qbench.net/worksheet?id=110,Native Export Spreadsheet control produced no downloadable file through available browser tooling.
118,[Logs] Environmental Temperature and Humidity | Instrument Room,Spreadsheet,Active,394,1,APPROVED,true,true,1 - APPROVED (ACTIVE),,APPROVED Active since 04/22/2026,true,active_approved,blocked_browser_tooling_no_download_event,,,DOM extraction,https://ait.qbench.net/worksheet?id=118,Native Export Spreadsheet control produced no downloadable file through available browser tooling.
119,[Logs] Environmental Temperature and Humidity | Microbial Room,Spreadsheet,Active,395,1,APPROVED,true,true,1 - APPROVED (ACTIVE),,APPROVED Active since 04/22/2026,true,active_approved,blocked_browser_tooling_no_download_event,,,DOM extraction,https://ait.qbench.net/worksheet?id=119,Native Export Spreadsheet control produced no downloadable file through available browser tooling.
117,[Logs] Environmental Temperature and Humidity | Sample Prep,Spreadsheet,Active,393,1,APPROVED,true,true,1 - APPROVED (ACTIVE),,APPROVED Active since 04/22/2026,true,active_approved,blocked_browser_tooling_no_download_event,,,DOM extraction,https://ait.qbench.net/worksheet?id=117,Native Export Spreadsheet control produced no downloadable file through available browser tooling.
112,[Logs] Gene Up Self-Test,Spreadsheet,Active,386,1,APPROVED,true,true,1 - APPROVED (ACTIVE),,APPROVED Active since 04/22/2026,true,active_approved,blocked_browser_tooling_no_download_event,,,DOM extraction,https://ait.qbench.net/worksheet?id=112,Native Export Spreadsheet control produced no downloadable file through available browser tooling.
114,[Logs] Tempo Data Export,Spreadsheet,Active,388,1,DRAFT,false,true,1 - DRAFT,,DRAFT,true,latest_draft_or_pending_no_active,blocked_browser_tooling_no_download_event,,,DOM extraction,https://ait.qbench.net/worksheet?id=114,Native Export Spreadsheet control produced no downloadable file through available browser tooling.
113,[Logs] Tempo QC Check,Spreadsheet,Active,387,1,APPROVED,true,true,1 - APPROVED (ACTIVE),,APPROVED Active since 04/22/2026,true,active_approved,blocked_browser_tooling_no_download_event,,,DOM extraction,https://ait.qbench.net/worksheet?id=113,Native Export Spreadsheet control produced no downloadable file through available browser tooling.
26,[Protocol Step WS] Assigning Equipment to Batch,Dynamic Spreadsheet,Active,56,1,APPROVED,true,true,1 - APPROVED (ACTIVE),,APPROVED Active since 03/12/2026,true,active_approved,blocked_browser_tooling_no_download_event,,,DOM extraction,https://ait.qbench.net/worksheet?id=26,Native Export Spreadsheet control produced no downloadable file through available browser tooling.
27,[Protocol Step WS] Assigning Inventory to Batch,Dynamic Spreadsheet,Active,58,2,APPROVED,true,true,2 - APPROVED (ACTIVE),,APPROVED Active since 03/12/2026,true,active_approved,blocked_browser_tooling_no_download_event,,,DOM extraction,https://ait.qbench.net/worksheet?id=27,Native Export Spreadsheet control produced no downloadable file through available browser tooling.
27,[Protocol Step WS] Assigning Inventory to Batch,Dynamic Spreadsheet,Active,57,1,DRAFT,false,false,1 - DRAFT,,DRAFT,false,,not_required_by_version_policy,,,DOM extraction,https://ait.qbench.net/worksheet?id=27,
45,Microbial Analysis [Batch] Worksheet,Dynamic Spreadsheet,Inactive,99,1,DRAFT,false,true,1 - DRAFT,,DRAFT,true,latest_draft_or_pending_no_active,blocked_browser_tooling_no_download_event,,,DOM extraction,https://ait.qbench.net/worksheet?id=45,Native Export Spreadsheet control produced no downloadable file through available browser tooling.
44,Microbial Analysis [Test] Worksheet,Dynamic Spreadsheet,Inactive,229,7,APPROVED,true,true,7 - APPROVED (ACTIVE),,APPROVED Active since 04/14/2026,true,active_approved,blocked_browser_tooling_no_download_event,,,DOM extraction,https://ait.qbench.net/worksheet?id=44,Native Export Spreadsheet control produced no downloadable file through available browser tooling.
44,Microbial Analysis [Test] Worksheet,Dynamic Spreadsheet,Inactive,206,6,APPROVED,false,false,6 - APPROVED,,APPROVED,false,,not_required_by_version_policy,,,DOM extraction,https://ait.qbench.net/worksheet?id=44,
44,Microbial Analysis [Test] Worksheet,Dynamic Spreadsheet,Inactive,204,5,APPROVED,false,false,5 - APPROVED,,APPROVED,false,,not_required_by_version_policy,,,DOM extraction,https://ait.qbench.net/worksheet?id=44,
44,Microbial Analysis [Test] Worksheet,Dynamic Spreadsheet,Inactive,203,4,OBSOLETE,false,false,4 - OBSOLETE,,OBSOLETE,false,,not_required_by_version_policy,,,DOM extraction,https://ait.qbench.net/worksheet?id=44,
44,Microbial Analysis [Test] Worksheet,Dynamic Spreadsheet,Inactive,202,3,REJECTED,false,false,3 - REJECTED,,REJECTED,false,,not_required_by_version_policy,,,DOM extraction,https://ait.qbench.net/worksheet?id=44,
44,Microbial Analysis [Test] Worksheet,Dynamic Spreadsheet,Inactive,100,2,OBSOLETE,false,false,2 - OBSOLETE,,OBSOLETE,false,,not_required_by_version_policy,,,DOM extraction,https://ait.qbench.net/worksheet?id=44,
44,Microbial Analysis [Test] Worksheet,Dynamic Spreadsheet,Inactive,98,1,OBSOLETE,false,false,1 - OBSOLETE,,OBSOLETE,false,,not_required_by_version_policy,,,DOM extraction,https://ait.qbench.net/worksheet?id=44,
111,[Logs] Gene Up Self-Test,Dynamic Spreadsheet,Inactive,385,2,REJECTED,false,true,2 - REJECTED,,REJECTED,false,,not_required_by_version_policy,,,DOM extraction,https://ait.qbench.net/worksheet?id=111,
111,[Logs] Gene Up Self-Test,Dynamic Spreadsheet,Inactive,384,1,OBSOLETE,false,false,1 - OBSOLETE,,OBSOLETE,false,,not_required_by_version_policy,,,DOM extraction,https://ait.qbench.net/worksheet?id=111,
